variant,model,batch_size,n_runs,mean_ms,std_across_runs_ms,cv_across_runs,min_run_mean_ms,max_run_mean_ms,median_ms,p95_ms,mean_within_run_std_ms,per_image_ms,fwd_nms_mean_ms,loop_mean_ms,peak_memory_mib,engine_compile_s,engine_torch_subgraphs,runs_with_interference,status
eager_fp32,yolov8l,1,5,8.090746253728867,0.01798254256628125,0.002222606172822865,8.076506308279932,8.121599368751049,8.063620887696743,8.151043285615742,0.1298363667078264,8.090746253728867,13.481646721251309,7.996979353949428,423.75146484375,,,0,ok
eager_fp32,yolov8l,2,5,8.867010730318725,0.01654915499572374,0.0018663736290673101,8.840085021220148,8.883846080861986,8.857394801452756,8.929648762568831,0.1479172427161279,4.4335053651593626,14.784183172509074,9.091548868454993,516.19384765625,,,5,ok
eager_fp32,yolov8l,4,5,15.287768177688122,0.05396318083632304,0.0035298272585713403,15.233870511874557,15.36283808760345,15.284938970580697,15.463237105868757,0.13733148931044997,3.8219420444220304,22.430356070399284,15.737177901901305,806.32763671875,,,5,ok
eager_fp32,yolov8l,8,5,28.785126543603837,0.050140304590849054,0.0017418823750834063,28.733796612359583,28.86752433143556,28.760199435055256,29.22364292666316,0.31244611201547867,3.5981408179504797,37.6138405604288,29.539856589399278,1193.34716796875,,,5,ok
eager_fp32,yolov8l,12,5,43.8763858769089,0.03986233719709224,0.0009085146007449726,43.811087724752724,43.90532798599452,43.939310824498534,44.350636871531606,0.3576720167453063,3.656365489742408,54.18794140871614,44.90220903698355,1702.86572265625,,,5,ok
eager_fp32,yolov8l,16,5,57.34900579042733,0.07277708689951853,0.0012690208992544813,57.27915170136839,57.45371490716934,57.31083918362856,58.06276471354067,0.46821603034677806,3.584312861901708,69.5817670058459,58.82081603072584,2219.55859375,,,5,ok
eager_fp32,yolov8l,32,5,112.77013047598302,0.15352719864521244,0.0013614172298746215,112.62135536409914,113.02589789964259,112.6683303155005,113.35682439152151,0.512270370001837,3.5240665773744695,132.29606038611382,115.39725974109024,4381.9599609375,,,5,ok
eager_fp32,yolov8l,48,5,169.01067352946848,0.11460907157838729,0.00067811735901049,168.89070705045015,169.15099784266204,168.99929358623922,169.7820895118639,0.5726308408753887,3.5210556985305934,195.99613098148257,172.4854295188561,5756.78369140625,,,5,ok
eager_fp32,yolov8m,1,5,6.713306788355112,0.06701163688414763,0.009981911894803597,6.60922999959439,6.780121973715723,6.708183558657765,6.7613461427390575,0.10704226077794987,6.713306788355112,12.087525342591107,6.647731796838343,325.08203125,,,0,ok
eager_fp32,yolov8m,2,5,6.789231273345649,0.0713670515265204,0.010511801506409959,6.743136113509536,6.913516442291439,6.714270915836096,6.846468802541494,0.32239753167959495,3.3946156366728246,12.512347872368991,6.664323271252215,385.94140625,,,0,ok
eager_fp32,yolov8m,4,5,9.688904659822583,0.014307658436050722,0.0014767054624224897,9.665697198361158,9.704116731882095,9.6956598572433,9.745058827102184,0.06894493792224331,2.422226164955646,16.606888700276613,10.024012534879148,616.38720703125,,,5,ok
eager_fp32,yolov8m,8,5,19.06949205789715,0.03336475817433819,0.0017496406340052994,19.016749975271523,19.10228635184467,19.153856905177236,19.347223551012576,0.23532435583394146,2.383686507237144,27.703658556565642,19.821611470542848,877.302734375,,,5,ok
eager_fp32,yolov8m,12,5,27.457206478342414,0.042072911881515226,0.001532308536729741,27.406982677057385,27.513422779738903,27.406314155086875,27.81471769325435,0.26123994730064226,2.2881005398618677,38.45148778799921,28.39081022143364,1261.96728515625,,,5,ok
eager_fp32,yolov8m,16,5,36.14975242689252,0.03401133178757627,0.0009408454969742631,36.118548177182674,36.19585609063506,36.12124361097813,36.64741151500493,0.3075592651471041,2.2593595266807824,48.689301137812436,37.36608143337071,1650.84619140625,,,5,ok
eager_fp32,yolov8m,32,5,72.4672220647335,0.16627835062174479,0.0022945318708810403,72.29400292504579,72.6938494015485,72.34636601060629,72.90842899121344,0.3784978126807082,2.264600689522922,92.35858465451747,74.72315231710672,3314.20166015625,,,5,ok
eager_fp32,yolov8m,48,5,110.10223810747266,0.21666836650444393,0.001967883398455082,109.88716423045844,110.3950420115143,109.9898333195597,110.65822747536004,0.4585069414668498,2.2937966272390136,137.2619629688561,112.91168899368495,4186.0888671875,,,5,ok
eager_fp32,yolov8n,1,5,5.013392558321357,0.015510213819751229,0.003093756102144242,4.994908678345382,5.033117788843811,4.9998045433312654,5.048854318447411,0.09739872845607758,5.013392558321357,10.531477242708206,4.94009626749903,196.7578125,,,0,ok
eager_fp32,yolov8n,2,5,5.0960420006886125,0.015673237779913966,0.0030755707621318838,5.077670514583588,5.120103657245636,5.082300398498774,5.125583941116929,0.0772940707371085,2.5480210003443062,11.033402787521482,5.035408061929047,251.35302734375,,,0,ok
eager_fp32,yolov8n,4,5,5.2533716307953,0.01910830794413032,0.003637341746796912,5.230315369553864,5.277867936529219,5.244289059191942,5.298738535493612,0.0854721290206499,1.313342907698825,12.520536174997687,5.180834216997027,354.7626953125,,,0,ok
eager_fp32,yolov8n,8,5,5.319910252466798,0.05426613847509103,0.010200574051024314,5.26560194324702,5.402171453461051,5.2497959695756435,5.534470966085792,0.2942830635924901,0.6649887815583497,14.44315577019006,5.1359639428555965,570.8251953125,,,4,ok
eager_fp32,yolov8n,12,5,6.965865805745125,0.01718629930765049,0.0024672165365970766,6.9411911722272635,6.981261349283159,6.928010610863566,6.972035034559667,0.2822901190906559,0.5804888171454271,17.099857087247074,7.055125754326582,780.294921875,,,5,ok
eager_fp32,yolov8n,16,5,8.910156590864062,0.013065197701645472,0.0014663263847732753,8.894015224650502,8.925951672717929,8.905550232157111,8.91985063906759,0.06811857738176594,0.5568847869290039,21.479314766824245,9.177827655337751,942.33349609375,,,5,ok
eager_fp32,yolov8n,32,5,17.491962917149067,0.012571749082535512,0.0007187157405993702,17.469936436973512,17.499499591067433,17.465061508119106,17.555729560554028,0.12893509485686067,0.5466238411609083,36.47687999624759,18.146013788878918,1818.20458984375,,,5,ok
eager_fp32,yolov8n,48,5,26.433426122181118,0.01754253477012743,0.0006636496793507573,26.411071247421205,26.4557343441993,26.404460426419973,26.57416604924947,0.11902246645754425,0.55069637754544,52.86457738466561,27.349311786703765,2051.3369140625,,,5,ok
eager_fp32,yolov8s,1,5,5.031037613749504,0.06478571233886005,0.01287720691290497,4.968664436601102,5.135702872648835,5.010701948776841,5.065531684085727,0.20241291010763568,5.031037613749504,10.688207432627678,4.94082276429981,232.64501953125,,,0,ok
eager_fp32,yolov8s,2,5,5.315663148649037,0.0690349793195759,0.012987086914474815,5.258764275349677,5.426927139051259,5.274777999147773,5.410071583464742,0.11427014070207302,2.6578315743245184,11.190473010763526,5.219468007795513,293.23486328125,,,0,ok
eager_fp32,yolov8s,4,5,5.333821756765246,0.11367358775878669,0.021311845978843745,5.253673023544252,5.533002447336912,5.22638694383204,5.5207159742712975,0.36192427437894753,1.3334554391913116,12.015917222946882,5.166446297429502,449.310546875,,,5,ok
eager_fp32,yolov8s,8,5,8.457306252792478,0.03271190947582731,0.003867887539844773,8.42721336055547,8.498851074837148,8.434267481788993,8.46329189836979,0.17746960963585762,1.0571632815990597,17.301161891780794,8.769716353155673,651.52099609375,,,5,ok
eager_fp32,yolov8s,12,5,12.812562186270952,0.01458717189793981,0.001138505451592688,12.796117509715259,12.830997821874917,12.799957767128944,12.868989277631044,0.07130436770116318,1.0677135155225794,23.374463723041117,13.27068103197962,1033.09423828125,,,5,ok
eager_fp32,yolov8s,16,5,16.37430094741285,0.020926591471391094,0.0012780143432442233,16.34928227867931,16.402861764654517,16.34559570811689,16.506591592915356,0.1050621490073395,1.023393809213303,28.84227419272065,17.03162416163832,1321.73876953125,,,5,ok
eager_fp32,yolov8s,32,5,32.72274750005454,0.029274264422258972,0.0008946151120779262,32.69442429766059,32.770498995669186,32.67246880568564,32.95696013607085,0.2710826228306821,1.0225858593767043,52.12465319875628,33.98620581720024,2381.81298828125,,,5,ok
eager_fp32,yolov8s,48,5,50.263098454102874,0.04193700462812916,0.000834349769869906,50.19140672404319,50.29818668495864,50.21264706738293,50.5091638257727,0.25667684409239777,1.0471478844604765,77.33940196968615,51.99222476314753,2817.38818359375,,,5,ok
trt_fp16,yolov8l,1,5,2.9346116399392486,0.12007831912039595,0.040917959121460366,2.847474031150341,3.1434754375368357,2.7429501060396433,4.09146876540035,0.5962115796709788,2.9346116399392486,3.6338198324665427,2.305637698620558,44.98193359375,292.6757967406884,0.0,5,ok
trt_fp16,yolov8l,2,5,3.873503944836557,0.03927666433085819,0.010139828147900718,3.819582350552082,3.920226152986288,3.6548611242324114,5.000603492371738,0.4714504160594267,1.9367519724182785,4.740151420235634,3.5958472453057766,91.00830078125,277.2841225527227,0.0,5,ok
trt_fp16,yolov8l,4,5,6.161191023886204,0.047384000681862326,0.007690720917134398,6.11384604126215,6.23597139492631,6.09896145761013,6.218378175981341,0.39282658985513713,1.540297755971551,7.072987732477486,6.152313416823745,179.60888671875,285.7162584341131,0.0,5,ok
trt_fp16,yolov8l,8,5,11.02660323586315,0.014410359935817775,0.0013068720826871893,11.00837062112987,11.046885787509382,11.024768697097898,11.181969777680933,0.14772092891472083,1.3783254044828936,12.11830664332956,11.18281624186784,364.14990234375,280.45805110409856,0.0,5,ok
trt_fp16,yolov8l,12,5,16.17812460195273,0.010429458600480935,0.000644664252321439,16.160362912341952,16.187403644435108,16.202194150537252,16.431180108338594,0.2048586112168417,1.3481770501627277,17.55986547190696,16.432148648425937,538.8251953125,304.9354074979201,0.0,5,ok
trt_fp16,yolov8l,16,5,20.954187655821443,0.08311202122810502,0.003966368088004358,20.84139170125127,21.06102847494185,20.96551191061735,21.286213966086507,0.29008650214891796,1.3096367284888402,22.540053095668554,21.287879924289882,728.2998046875,318.8316411008127,0.0,5,ok
trt_fp16,yolov8l,32,5,40.284135431051254,0.025189159119901362,0.0006252873209359088,40.24989400524646,40.32042557839304,40.2183597907424,41.17119114845991,0.5961811176083024,1.2588792322203517,42.75394895207137,41.00546549446881,1437.798828125,400.7598361293785,0.0,5,ok
trt_fp16,yolov8l,48,5,60.28044961579144,0.1185603971066223,0.001966813417323342,60.139239649288356,60.44922342058271,60.41738856583834,61.156204412691295,0.6834259235196032,1.2558427003289883,63.750341607257724,61.19981620181352,1486.8994140625,488.45886559505016,0.0,5,ok
trt_fp16,yolov8m,1,5,2.3539215279743075,0.08944878710718099,0.03799990188464655,2.2468734811991453,2.463839971460402,2.0000445656478405,3.10382466763258,0.4713106117670619,2.3539215279743075,3.061994368210435,1.6841042628511786,44.98193359375,281.11386110726744,0.0,0,ok
trt_fp16,yolov8m,2,5,3.0554524529725313,0.058329297779469304,0.019090232519482667,2.9954676050692797,3.1227964675053954,3.1735028605908155,4.229758442379534,0.5128016440249954,1.5277262264862657,3.8928242176771164,2.405035400763154,91.00830078125,265.43509863782674,0.0,5,ok
trt_fp16,yolov8m,4,5,4.250028137117624,0.026812264903237,0.0063087264456138685,4.214160814881325,4.281421508640051,4.142086254432797,4.4004052225500345,0.32326556463482675,1.062507034279406,5.210757710970938,4.099015343934298,179.60888671875,241.51694099977612,0.0,5,ok
trt_fp16,yolov8m,8,5,7.188614634796977,0.02856331345445422,0.003973410024817795,7.158855334855616,7.233313471078873,7.211757358163595,7.262723571620882,0.06921678539698875,0.8985768293496221,8.332711169496179,7.283088135533035,364.14990234375,254.87925461074337,0.0,5,ok
trt_fp16,yolov8m,12,5,10.22885390277952,0.011655517397293445,0.001139474422850663,10.218787253834307,10.248434729874134,10.225138161331415,10.338772740215063,0.19851561922024566,0.8524044918982933,11.6464070295915,10.397951228544116,538.8251953125,269.1344310701825,0.0,5,ok
trt_fp16,yolov8m,16,5,13.17994245979935,0.03913612163871191,0.002969369688682823,13.134739669039845,13.233905551023781,13.163269963115454,13.340698517858982,0.1507147344565988,0.8237464037374593,14.76856527198106,13.437067214399576,728.2998046875,277.160281595774,0.0,5,ok
trt_fp16,yolov8m,32,5,24.81889123748988,0.025353083777384364,0.001021523626288654,24.77812193799764,24.845689977519214,24.835306452587247,25.13679823372513,0.2822388009257368,0.7755903511715587,27.334018449299037,25.351003038696945,1437.798828125,326.18182378821075,0.0,5,ok
trt_fp16,yolov8m,48,5,37.0850585680455,0.170021823655417,0.00458464487371518,36.827582125552,37.29802987072617,37.25897008553147,37.652105637826025,0.526898073379815,0.7726053868342811,40.46191133745015,37.52618390787393,1486.8994140625,375.4645456462167,0.0,5,ok
trt_fp16,yolov8n,1,5,1.6607178077101707,0.052912144358899446,0.03186100860317486,1.5758099779486656,1.7017501033842564,1.6760204453021288,1.6867164243012667,0.06371504797364777,1.6607178077101707,7.382174932397902,1.032521546818316,44.982421875,260.9235112522729,0.0,0,ok
trt_fp16,yolov8n,2,5,1.7822501957416534,0.08312022742149368,0.046637799574994344,1.6926124831661582,1.89448700286448,1.9585839472711086,1.9492502231150866,0.26691451048395276,0.8911250978708267,8.24085151962936,1.1138461343944073,91.00927734375,247.98420407995582,0.0,0,ok
trt_fp16,yolov8n,4,5,2.234995925799012,0.0979283983675529,0.043815918068192204,2.113337884657085,2.3295678477734327,2.559605985879898,2.5451493402943015,0.42875878909140386,0.558748981449753,8.688635922037065,1.3952114349231124,179.61083984375,244.80432540969923,0.0,0,ok
trt_fp16,yolov8n,8,5,2.844795722514391,0.10648975604607865,0.037433182004350384,2.7444397006183863,3.0008418252691627,2.3283748887479305,3.6367034213617444,0.6691913029744698,0.35559946531429887,10.577895273454487,2.0687814531847835,364.1533203125,249.16578206187114,0.0,1,ok
trt_fp16,yolov8n,12,5,3.419976843520999,0.08335191773271682,0.02437207079066149,3.319958350621164,3.5162364412099123,3.0467326287180185,4.343430604785681,0.5701865589795816,0.28499807029341656,12.627973223105073,2.935171402990818,538.82958984375,221.22045863512903,0.0,5,ok
trt_fp16,yolov8n,16,5,4.035259620286524,0.13790990457412752,0.03417621604340174,3.887207298539579,4.244611822068691,3.713281126692891,5.061925430782139,0.5902521491416914,0.25220372626790777,14.53576393891126,3.6613325690850616,728.30615234375,218.99957730714232,0.0,5,ok
trt_fp16,yolov8n,32,5,6.757242967374623,0.047942748042707206,0.007095016158836493,6.710673291236162,6.8342546839267015,6.6428822465240955,7.2880204720422626,0.32121701301411043,0.21116384273045696,22.799634710885584,6.779858220368624,1437.8115234375,228.08239920716733,0.0,5,ok
trt_fp16,yolov8n,48,5,9.62132531683892,0.007624466261260699,0.000792454886429899,9.609256968833506,9.627654124051332,9.611103683710098,9.624160407111049,0.08958926522764306,0.20044427743414417,30.38000708911568,10.003391476348042,1486.91796875,237.94562248885632,0.0,5,ok
trt_fp16,yolov8s,1,5,1.8835937064141035,0.10021635821108045,0.053204869962040595,1.7569783981889486,1.9987944513559341,2.055929508060217,2.064179088920355,0.2586794956320026,1.8835937064141035,7.143877832219005,1.1729328632354736,44.982421875,257.02281144680455,0.0,0,ok
trt_fp16,yolov8s,2,5,2.15409114677459,0.09909362793101344,0.0460025231891373,2.0668732468038797,2.3098609875887632,2.5115134194493294,2.490406003780663,0.41676450392168196,1.077045573387295,8.251690954901278,1.3398480294272304,91.00927734375,245.87599671818316,0.0,0,ok
trt_fp16,yolov8s,4,5,2.8183538215234876,0.06423937712007252,0.022793226538656286,2.748129121027887,2.9157507279887795,3.115001367405057,3.4744206396862864,0.6388505579631414,0.7045884553808719,9.914522496052086,2.026510168798268,179.61083984375,242.76016510883346,0.0,5,ok
trt_fp16,yolov8s,8,5,3.7732023959979415,0.07371734568114338,0.019537076982494208,3.7144864397123456,3.8892823085188866,3.464235458523035,4.534355825744569,0.4861705279597042,0.4716502994997427,12.425340089015663,3.440673162229359,364.15380859375,217.34652678016573,0.0,5,ok
trt_fp16,yolov8s,12,5,5.11198803409934,0.12446632141380629,0.024347928943408703,5.0228530773893,5.313215400092304,4.996318137273192,5.39955522865057,0.3332006170640024,0.4259990028416117,15.191802463494241,5.114464088343084,538.8310546875,224.74049113923684,0.0,5,ok
trt_fp16,yolov8s,16,5,6.259237786754966,0.13404573665874484,0.02141566453065516,6.13807778339833,6.45417592022568,6.113531067967415,6.7428703885525465,0.4037661271931567,0.39120236167218536,18.38793774973601,6.33817402459681,728.3076171875,225.23653981927782,0.0,5,ok
trt_fp16,yolov8s,32,5,11.311840273439884,0.014792352232043936,0.0013076875092354573,11.300397352315485,11.33770503103733,11.289473855867982,11.35084758978337,0.09874596197795554,0.3534950085449964,29.888184493407607,12.03400127030909,1437.81396484375,247.85599954193458,0.0,5,ok
trt_fp16,yolov8s,48,5,16.531051862984896,0.013901269095298674,0.0008409186064212504,16.518461294472218,16.55362037010491,16.495793592184782,16.63497567176819,0.16766144016321152,0.34439691381218535,40.956854874268174,17.7642562109977,1486.92041015625,272.2073965417221,0.0,5,ok
trt_fp32,yolov8l,1,5,4.030423583462834,0.08317299976813983,0.020636292450601373,3.9715009881183505,4.176399949938059,3.846510546281934,4.2903004307299835,0.44844729840886527,4.030423583462834,4.711251184344292,3.7768561458215117,44.98193359375,103.23426939221099,0.0,5,ok
trt_fp32,yolov8l,2,5,6.27847823407501,0.056213006176820644,0.008953285188079073,6.225283099338412,6.368731809780002,6.2236355151981115,6.43520116340369,0.21917281196789937,3.139239117037505,7.075498359277844,6.236777408979833,91.00830078125,99.61500035831705,0.0,5,ok
trt_fp32,yolov8l,4,5,11.108640919439495,0.014452611058927494,0.0013010242354342591,11.083498783409595,11.119553139433265,11.133628897368908,11.26583531498909,0.1309576930332758,2.7771602298598737,12.048239883035421,11.147660249844193,179.60888671875,111.8587855999358,0.0,5,ok
trt_fp32,yolov8l,8,5,21.128669158555567,0.03978273267492376,0.0018828792469787268,21.087120808660984,21.191486627794802,21.103956503793597,21.38688259292394,0.23482135123387007,2.641083644819446,22.23272383864969,21.294800964184105,364.14990234375,129.63906984124333,0.0,5,ok
trt_fp32,yolov8l,12,5,31.794120952486992,0.052577299063919475,0.001653679909644012,31.72025213483721,31.851169248111546,31.841116026043892,32.17870118562132,0.34752535634236126,2.649510079373916,33.210801938548684,32.04378687031567,538.8251953125,144.69988931296393,0.0,5,ok
trt_fp32,yolov8l,16,5,41.07081903144717,0.1221251151563647,0.002973525194685203,40.906425598077476,41.22019800823182,41.090020444244146,41.551721007563174,0.4158890497920645,2.5669261894654483,42.662258055992424,41.451670297421515,728.2998046875,159.88245535315946,0.0,5,ok
trt_fp32,yolov8l,32,5,80.18913020659238,0.07258270880858465,0.0009051439842480995,80.12582402676344,80.29307441785932,80.20215295255184,80.87903116829693,0.5337475960397323,2.505910318956012,82.7190783219412,80.9816572284326,1437.798828125,229.23081833543256,0.0,5,ok
trt_fp32,yolov8l,48,5,120.6348993210122,0.47853966647439156,0.003966842672956411,120.11207271832973,121.37130546849221,120.61850051395595,121.89232682343572,0.8289071527665657,2.5132270691877543,124.12207229994237,121.84044469054788,1486.8994140625,301.4155586268753,0.0,5,ok
trt_fp32,yolov8m,1,5,3.0671462351456285,0.15619071468770634,0.050923791274754916,2.868060595355928,3.2431643083691597,2.7069812640547752,4.329588552936912,0.6481269790019832,3.0671462351456285,3.8431702461093664,2.474660218693316,44.98193359375,98.28516234597191,0.0,5,ok
trt_fp32,yolov8m,2,5,4.290927708148956,0.12389388778651277,0.028873450268394007,4.15627752430737,4.447814668528736,4.071241477504373,5.527717606164515,0.5604572429527581,2.145463854074478,5.055950379930437,4.02431870251894,91.00830078125,92.50972020998597,0.0,5,ok
trt_fp32,yolov8m,4,5,7.144704960286617,0.07138090635413795,0.009990742340083198,7.082980205304921,7.265082537196577,7.109628990292549,7.6198136899620295,0.3076895693986193,1.7861762400716543,8.052354283630848,7.132386703044176,179.60888671875,98.15235432283953,0.0,5,ok
trt_fp32,yolov8m,8,5,13.318511240184307,0.024446636941161184,0.0018355382595166756,13.295378680340946,13.357474664226174,13.33514740690589,13.47262850496918,0.13448276108192678,1.6648139050230384,14.420286235399544,13.434722604230046,364.14990234375,107.51647540321574,0.0,5,ok
trt_fp32,yolov8m,12,5,19.607198749668896,0.06932388796690375,0.003535634480579456,19.517628205940127,19.70756649505347,19.60479049012065,19.946949812583625,0.23868791139051537,1.6339332291390747,20.953598773106933,19.868277981877327,538.8251953125,116.32073669414967,0.0,5,ok
trt_fp32,yolov8m,16,5,25.530876665376127,0.06270328529281846,0.0024559785437314793,25.439653270877898,25.58949612081051,25.610015261918306,25.778755475766957,0.24051319111846697,1.595679791586008,27.1290524546057,25.798684233799577,728.2998046875,124.62142956070602,0.0,5,ok
trt_fp32,yolov8m,32,5,49.336224540136755,0.13972465323518662,0.002832090508294077,49.20618945732713,49.4918696815148,49.33756263926625,49.87115004565567,0.4237412296075864,1.5417570168792736,51.852108808234334,49.95704847108573,1437.798828125,160.25105649139732,0.0,5,ok
trt_fp32,yolov8m,48,5,73.60924052540213,0.26040808899961504,0.0035377092215718446,73.36927903350443,74.03762102592736,73.57924850657582,74.22661873977631,0.5137928820843856,1.533525844279211,77.03634131979197,74.4999114498496,1486.8994140625,196.25728756701574,0.0,5,ok
trt_fp32,yolov8n,1,5,2.0168295335024595,0.12917932306682228,0.06405068991750003,1.8915568897500634,2.1877362253144383,2.208668040111661,2.2129745362326503,0.31944081216033665,2.0168295335024595,7.720553042367101,1.1944489814341068,44.982421875,89.75819428125396,0.0,0,ok
trt_fp32,yolov8n,2,5,2.285028800368309,0.12903857246628658,0.05647131119112708,2.1697416342794895,2.4930762872099876,2.5447229854762554,2.5343143241479993,0.3944895830062375,1.1425144001841545,8.200465876609087,1.376977483741939,91.00927734375,82.9880995140411,0.0,0,ok
trt_fp32,yolov8n,4,5,2.7414135318249464,0.050253590419840025,0.018331269557273412,2.673863642849028,2.8102417988702655,2.7734090108424425,3.4043247904628515,0.6224461338818343,0.6853533829562366,9.434176706708968,1.9583814581856132,179.6103515625,85.88598494511098,0.0,0,ok
trt_fp32,yolov8n,8,5,3.929987899027765,0.252741240772479,0.06431094630978491,3.66703137755394,4.212341234087944,3.524261526763439,4.815553626976907,0.6224216226953043,0.4912484873784706,11.652575396932662,3.4385825749486685,364.1533203125,83.63392677623779,0.0,5,ok
trt_fp32,yolov8n,12,5,5.176616600714624,0.24802196098489046,0.04791198192090398,5.048624644987285,5.619421540759504,5.031059961766005,5.591937289573252,0.3949078514875517,0.43138471672621864,14.18892030697316,5.018275309354067,538.82958984375,86.96296422788873,0.0,5,ok
trt_fp32,yolov8n,16,5,6.450787138193846,0.09591915310369233,0.014869371915215404,6.351170628331602,6.586851072497666,6.341938627883792,6.875148839317262,0.32149915503037335,0.40317419613711536,16.824881102889776,6.406907542608678,728.30615234375,87.04183907015249,0.0,5,ok
trt_fp32,yolov8n,32,5,11.982977829873562,0.009378097511995651,0.0007826182811267543,11.9684494799003,11.991042094305158,11.976785259321332,11.990706813521683,0.06244247846120536,0.3744680571835488,27.40655528753996,12.386930488049984,1437.8095703125,92.01077794516459,0.0,5,ok
trt_fp32,yolov8n,48,5,17.80200694128871,0.0023682335367156116,0.00013303182863179876,17.798703098669648,17.804428106173873,17.79187028296292,17.89047684520483,0.09654432693586383,0.37087514461018145,38.55229480750859,18.473301717080176,1486.91552734375,99.44069875730202,0.0,5,ok
trt_fp32,yolov8s,1,5,2.3813743479549885,0.1683966404425906,0.07071405660651449,2.1225852705538273,2.5953153427690268,2.4432428181171417,2.788390158675611,0.45621639262533425,2.3813743479549885,7.892924431711435,1.541866592131555,44.982421875,89.69811926688999,0.0,0,ok
trt_fp32,yolov8s,2,5,2.9929204592481256,0.11992831180232427,0.04007066456836356,2.8093578992411494,3.139403909444809,3.6963948514312506,3.71077926363796,0.7431458450759056,1.4964602296240628,9.448840266093612,2.0604637330397964,91.00927734375,82.95062861498445,0.0,5,ok
trt_fp32,yolov8s,4,5,3.9101792350411415,0.16326861814789398,0.04175476578791052,3.7515125470235944,4.128358322195709,3.4728345926851034,4.685918623581529,0.5827199353603439,0.9775448087602854,10.95711531676352,3.4323496697470546,179.61083984375,86.31216659396887,0.0,5,ok
trt_fp32,yolov8s,8,5,6.151414447464049,0.05475526728784064,0.008901248282891062,6.115838601253927,6.248290380463004,6.109133362770081,6.227356544695795,0.16333834166245625,0.7689268059330061,14.361626716330647,6.281546641141176,364.15380859375,86.83187449071556,0.0,5,ok
trt_fp32,yolov8s,12,5,9.21972006559372,0.022922591455128385,0.0024862567726618113,9.199129594489932,9.248977787792683,9.209674084559083,9.23014777712524,0.18994177667311565,0.7683100054661433,19.243928821757436,9.580003182403743,538.83056640625,88.90213283803314,0.0,5,ok
trt_fp32,yolov8s,16,5,11.604914938099682,0.010591262160510395,0.0009126531488601093,11.594353364780545,11.622000518254936,11.582122417166829,11.68513173237443,0.09026374531546406,0.7253071836312301,23.002636032178998,12.16987841296941,728.30712890625,92.16486585186794,0.0,5,ok
trt_fp32,yolov8s,32,5,22.470845917239785,0.022800586835983933,0.0010146741658039304,22.439192747697234,22.503593750298023,22.413669619709253,22.780229672789574,0.2190711729950115,0.7022139349137433,41.13497422169894,23.67544989194721,1437.8134765625,109.53757817763835,0.0,5,ok
trt_fp32,yolov8s,48,5,33.49199773091823,0.03279896241691286,0.000979307435776947,33.46814771182835,33.54867424815893,33.426279900595546,33.84438849054277,0.2984303663875572,0.6977499527274631,58.15935649164021,35.31676088273525,1486.92236328125,124.97391616227105,0.0,5,ok
