variant,model,batch_size,flag,detail
eager_fp32,yolov8l,12,per-image cost not decreasing,"T/b at 8=3.5981 ms, at 12=3.6564 ms"
eager_fp32,yolov8l,2,possible GPU interference,"5 of 5 runs, see run_summary 'interference'"
eager_fp32,yolov8l,4,possible GPU interference,"5 of 5 runs, see run_summary 'interference'"
eager_fp32,yolov8l,8,possible GPU interference,"5 of 5 runs, see run_summary 'interference'"
eager_fp32,yolov8l,12,possible GPU interference,"5 of 5 runs, see run_summary 'interference'"
eager_fp32,yolov8l,16,possible GPU interference,"5 of 5 runs, see run_summary 'interference'"
eager_fp32,yolov8l,32,possible GPU interference,"5 of 5 runs, see run_summary 'interference'"
eager_fp32,yolov8l,48,possible GPU interference,"5 of 5 runs, see run_summary 'interference'"
eager_fp32,yolov8m,32,per-image cost not decreasing,"T/b at 16=2.2594 ms, at 32=2.2646 ms"
eager_fp32,yolov8m,48,per-image cost not decreasing,"T/b at 32=2.2646 ms, at 48=2.2938 ms"
eager_fp32,yolov8m,4,possible GPU interference,"5 of 5 runs, see run_summary 'interference'"
eager_fp32,yolov8m,8,possible GPU interference,"5 of 5 runs, see run_summary 'interference'"
eager_fp32,yolov8m,12,possible GPU interference,"5 of 5 runs, see run_summary 'interference'"
eager_fp32,yolov8m,16,possible GPU interference,"5 of 5 runs, see run_summary 'interference'"
eager_fp32,yolov8m,32,possible GPU interference,"5 of 5 runs, see run_summary 'interference'"
eager_fp32,yolov8m,48,possible GPU interference,"5 of 5 runs, see run_summary 'interference'"
eager_fp32,yolov8n,48,per-image cost not decreasing,"T/b at 32=0.5466 ms, at 48=0.5507 ms"
eager_fp32,yolov8n,8,possible GPU interference,"4 of 5 runs, see run_summary 'interference'"
eager_fp32,yolov8n,12,possible GPU interference,"5 of 5 runs, see run_summary 'interference'"
eager_fp32,yolov8n,16,possible GPU interference,"5 of 5 runs, see run_summary 'interference'"
eager_fp32,yolov8n,32,possible GPU interference,"5 of 5 runs, see run_summary 'interference'"
eager_fp32,yolov8n,48,possible GPU interference,"5 of 5 runs, see run_summary 'interference'"
eager_fp32,yolov8s,12,per-image cost not decreasing,"T/b at 8=1.0572 ms, at 12=1.0677 ms"
eager_fp32,yolov8s,48,per-image cost not decreasing,"T/b at 32=1.0226 ms, at 48=1.0471 ms"
eager_fp32,yolov8s,4,possible GPU interference,"5 of 5 runs, see run_summary 'interference'"
eager_fp32,yolov8s,8,possible GPU interference,"5 of 5 runs, see run_summary 'interference'"
eager_fp32,yolov8s,12,possible GPU interference,"5 of 5 runs, see run_summary 'interference'"
eager_fp32,yolov8s,16,possible GPU interference,"5 of 5 runs, see run_summary 'interference'"
eager_fp32,yolov8s,32,possible GPU interference,"5 of 5 runs, see run_summary 'interference'"
eager_fp32,yolov8s,48,possible GPU interference,"5 of 5 runs, see run_summary 'interference'"
trt_fp16,yolov8l,1,possible GPU interference,"5 of 5 runs, see run_summary 'interference'"
trt_fp16,yolov8l,2,possible GPU interference,"5 of 5 runs, see run_summary 'interference'"
trt_fp16,yolov8l,4,possible GPU interference,"5 of 5 runs, see run_summary 'interference'"
trt_fp16,yolov8l,8,possible GPU interference,"5 of 5 runs, see run_summary 'interference'"
trt_fp16,yolov8l,12,possible GPU interference,"5 of 5 runs, see run_summary 'interference'"
trt_fp16,yolov8l,16,possible GPU interference,"5 of 5 runs, see run_summary 'interference'"
trt_fp16,yolov8l,32,possible GPU interference,"5 of 5 runs, see run_summary 'interference'"
trt_fp16,yolov8l,48,possible GPU interference,"5 of 5 runs, see run_summary 'interference'"
trt_fp16,yolov8m,2,possible GPU interference,"5 of 5 runs, see run_summary 'interference'"
trt_fp16,yolov8m,4,possible GPU interference,"5 of 5 runs, see run_summary 'interference'"
trt_fp16,yolov8m,8,possible GPU interference,"5 of 5 runs, see run_summary 'interference'"
trt_fp16,yolov8m,12,possible GPU interference,"5 of 5 runs, see run_summary 'interference'"
trt_fp16,yolov8m,16,possible GPU interference,"5 of 5 runs, see run_summary 'interference'"
trt_fp16,yolov8m,32,possible GPU interference,"5 of 5 runs, see run_summary 'interference'"
trt_fp16,yolov8m,48,possible GPU interference,"5 of 5 runs, see run_summary 'interference'"
trt_fp16,yolov8n,8,possible GPU interference,"1 of 5 runs, see run_summary 'interference'"
trt_fp16,yolov8n,12,possible GPU interference,"5 of 5 runs, see run_summary 'interference'"
trt_fp16,yolov8n,16,possible GPU interference,"5 of 5 runs, see run_summary 'interference'"
trt_fp16,yolov8n,32,possible GPU interference,"5 of 5 runs, see run_summary 'interference'"
trt_fp16,yolov8n,48,possible GPU interference,"5 of 5 runs, see run_summary 'interference'"
trt_fp16,yolov8s,1,std across runs > 5% of mean,std 0.100 ms = 5.3% of 1.884 ms
trt_fp16,yolov8s,4,possible GPU interference,"5 of 5 runs, see run_summary 'interference'"
trt_fp16,yolov8s,8,possible GPU interference,"5 of 5 runs, see run_summary 'interference'"
trt_fp16,yolov8s,12,possible GPU interference,"5 of 5 runs, see run_summary 'interference'"
trt_fp16,yolov8s,16,possible GPU interference,"5 of 5 runs, see run_summary 'interference'"
trt_fp16,yolov8s,32,possible GPU interference,"5 of 5 runs, see run_summary 'interference'"
trt_fp16,yolov8s,48,possible GPU interference,"5 of 5 runs, see run_summary 'interference'"
trt_fp32,yolov8l,12,per-image cost not decreasing,"T/b at 8=2.6411 ms, at 12=2.6495 ms"
trt_fp32,yolov8l,48,per-image cost not decreasing,"T/b at 32=2.5059 ms, at 48=2.5132 ms"
trt_fp32,yolov8l,1,possible GPU interference,"5 of 5 runs, see run_summary 'interference'"
trt_fp32,yolov8l,2,possible GPU interference,"5 of 5 runs, see run_summary 'interference'"
trt_fp32,yolov8l,4,possible GPU interference,"5 of 5 runs, see run_summary 'interference'"
trt_fp32,yolov8l,8,possible GPU interference,"5 of 5 runs, see run_summary 'interference'"
trt_fp32,yolov8l,12,possible GPU interference,"5 of 5 runs, see run_summary 'interference'"
trt_fp32,yolov8l,16,possible GPU interference,"5 of 5 runs, see run_summary 'interference'"
trt_fp32,yolov8l,32,possible GPU interference,"5 of 5 runs, see run_summary 'interference'"
trt_fp32,yolov8l,48,possible GPU interference,"5 of 5 runs, see run_summary 'interference'"
trt_fp32,yolov8m,1,std across runs > 5% of mean,std 0.156 ms = 5.1% of 3.067 ms
trt_fp32,yolov8m,1,possible GPU interference,"5 of 5 runs, see run_summary 'interference'"
trt_fp32,yolov8m,2,possible GPU interference,"5 of 5 runs, see run_summary 'interference'"
trt_fp32,yolov8m,4,possible GPU interference,"5 of 5 runs, see run_summary 'interference'"
trt_fp32,yolov8m,8,possible GPU interference,"5 of 5 runs, see run_summary 'interference'"
trt_fp32,yolov8m,12,possible GPU interference,"5 of 5 runs, see run_summary 'interference'"
trt_fp32,yolov8m,16,possible GPU interference,"5 of 5 runs, see run_summary 'interference'"
trt_fp32,yolov8m,32,possible GPU interference,"5 of 5 runs, see run_summary 'interference'"
trt_fp32,yolov8m,48,possible GPU interference,"5 of 5 runs, see run_summary 'interference'"
trt_fp32,yolov8n,1,std across runs > 5% of mean,std 0.129 ms = 6.4% of 2.017 ms
trt_fp32,yolov8n,2,std across runs > 5% of mean,std 0.129 ms = 5.6% of 2.285 ms
trt_fp32,yolov8n,8,std across runs > 5% of mean,std 0.253 ms = 6.4% of 3.930 ms
trt_fp32,yolov8n,8,possible GPU interference,"5 of 5 runs, see run_summary 'interference'"
trt_fp32,yolov8n,12,possible GPU interference,"5 of 5 runs, see run_summary 'interference'"
trt_fp32,yolov8n,16,possible GPU interference,"5 of 5 runs, see run_summary 'interference'"
trt_fp32,yolov8n,32,possible GPU interference,"5 of 5 runs, see run_summary 'interference'"
trt_fp32,yolov8n,48,possible GPU interference,"5 of 5 runs, see run_summary 'interference'"
trt_fp32,yolov8s,1,std across runs > 5% of mean,std 0.168 ms = 7.1% of 2.381 ms
trt_fp32,yolov8s,2,possible GPU interference,"5 of 5 runs, see run_summary 'interference'"
trt_fp32,yolov8s,4,possible GPU interference,"5 of 5 runs, see run_summary 'interference'"
trt_fp32,yolov8s,8,possible GPU interference,"5 of 5 runs, see run_summary 'interference'"
trt_fp32,yolov8s,12,possible GPU interference,"5 of 5 runs, see run_summary 'interference'"
trt_fp32,yolov8s,16,possible GPU interference,"5 of 5 runs, see run_summary 'interference'"
trt_fp32,yolov8s,32,possible GPU interference,"5 of 5 runs, see run_summary 'interference'"
trt_fp32,yolov8s,48,possible GPU interference,"5 of 5 runs, see run_summary 'interference'"
