# MEASURED YOLOv8 batched-inference runtimes T_i(b) in ms, variant trt_fp16.
# Built by yolo-analysis/batch_sweep/sweep.py profile from session 'main' raw files.
# GPU NVIDIA A100-PCIE-40GB, driver 535.288.01, torch 2.3.1+cu121, torch_tensorrt 2.3.0+cu121, ultralytics 8.4.153.
# Value = mean across independent runs of each run's mean forward time (runs per cell: 5). Forward only: fused DetectionModel incl. Detect head decode,
# fp32 input (B,3,640,640) already on cuda:0, NMS excluded. Empty cell = config failed / no data.
model,1,2,4,6,8,10,12,14,16,18,20,22,24,26,28,30,32,40,48,56,64
yolov8n,1.625,1.806,2.172,2.540,2.844,3.267,3.429,3.726,4.099,4.490,4.712,5.109,5.488,5.713,6.068,6.510,6.678,8.324,9.658,11.034,12.355
yolov8s,1.869,2.121,2.777,3.483,3.920,4.911,5.277,5.760,6.231,7.210,7.787,8.399,8.883,9.660,10.232,10.751,11.338,14.011,16.551,19.041,21.484
yolov8m,2.467,3.118,4.296,5.870,7.160,8.656,10.256,11.671,13.193,14.805,16.012,17.541,19.082,20.521,21.893,23.451,24.920,30.657,36.987,42.391,48.365
yolov8l,2.992,3.962,6.189,8.848,11.083,13.916,16.263,18.804,20.961,23.686,26.058,28.740,30.922,33.707,35.703,37.525,39.918,50.462,60.083,68.669,78.011
