# MEASURED YOLOv8 batched-inference runtimes T_i(b) in ms, variant eager_fp32.
# Built by yolo-analysis/batch_sweep/sweep.py profile from session 'main' raw files.
# GPU NVIDIA A100-PCIE-40GB, driver 535.288.01, torch 2.3.1+cu121, torch_tensorrt 2.3.0+cu121, ultralytics 8.4.153.
# Value = mean across independent runs of each run's mean forward time (runs per cell: 5). Forward only: fused DetectionModel incl. Detect head decode,
# fp32 input (B,3,640,640) already on cuda:0, NMS excluded. Empty cell = config failed / no data.
model,1,2,4,6,8,10,12,14,16,18,20,22,24,26,28,30,32,40,48,56,64
yolov8n,4.910,4.977,5.115,5.210,5.294,6.089,6.958,8.025,8.929,10.451,11.397,12.421,13.265,14.340,15.172,16.481,17.511,22.273,26.467,30.743,35.091
yolov8s,4.955,5.196,5.269,6.932,8.450,11.084,12.831,14.675,16.385,19.226,21.054,22.928,24.679,26.995,28.670,30.405,32.751,41.529,50.303,58.220,64.182
yolov8m,6.578,6.606,9.702,15.234,19.109,23.164,27.478,32.755,36.257,40.681,44.786,50.281,55.170,59.173,63.442,66.886,72.521,90.286,110.214,127.078,139.171
yolov8l,7.960,8.881,15.305,22.817,28.904,37.743,44.052,52.768,57.416,66.145,72.307,80.171,85.857,93.504,98.777,104.942,113.094,141.986,169.312,195.974,221.757
