individual,underestimation_rate,avg_flops_G,alpha,P_01,P_02,P_03,P_10,P_12,P_13,P_20,P_21,P_23,P_30,P_31,P_32
1,0.0004,5.2144,0.8266,0.2334,0.9736,0.8402,4.3483,0.2308,1.8184,3.2983,3.2743,2.9375,2.6199,2.2041,5.0
3,0.0016,4.8495,0.7849,0.2951,0.8829,0.9364,4.2993,0.2135,1.8176,3.2983,2.1734,2.9375,2.6199,2.1685,5.0
13,0.003,4.637,0.8279,0.3166,1.807,1.2213,4.3359,1.1003,1.8159,3.4948,3.2864,3.4521,2.6199,2.8682,5.0
6,0.0034,4.6044,0.8266,0.2334,0.9565,0.8402,3.1651,0.2308,1.817,3.2983,3.2742,2.9375,2.6199,2.1685,4.892
2,0.0041,4.2606,0.8055,0.2334,0.8828,0.9364,3.1651,0.2135,1.817,3.2983,2.1734,2.9375,2.6199,2.1685,4.9939
7,0.0069,4.0434,0.8266,0.2334,0.9565,0.8402,3.1651,0.2308,1.817,3.2983,3.2742,2.9375,2.6199,2.1685,5.0
23,0.0083,3.9563,0.8256,0.2334,0.8828,0.9364,4.3651,0.2305,1.8184,3.2983,2.1734,3.0825,2.6199,2.2043,5.0
14,0.0119,3.8977,0.8661,0.2322,0.7948,1.7006,2.522,1.0055,1.7581,3.2983,2.3111,3.2302,2.6698,2.6395,5.0
9,0.0132,3.7779,0.64,0.2322,0.5843,1.7006,2.522,0.9931,1.7581,3.2983,2.3111,3.2302,0.6522,2.6202,3.3634
38,0.0158,3.6436,0.81,0.2334,0.9736,0.8402,4.3483,0.1136,1.8184,3.2983,3.2906,2.9375,2.6287,2.2072,5.0
42,0.016,3.634,0.6382,0.3143,0.459,1.2101,4.3422,0.6563,1.8179,1.1667,2.4012,3.4612,0.0578,2.5546,0.5122
16,0.0172,3.5006,0.6377,0.3858,0.459,1.5553,4.3438,0.9837,3.3024,1.9919,2.3099,3.3844,0.0578,2.1527,0.4968
32,0.0196,3.4304,0.6375,0.3858,0.571,1.5553,4.3456,0.9782,3.3107,4.7263,2.3099,3.3915,0.0578,2.1527,0.4968
15,0.0213,3.3634,0.6422,0.3858,0.571,1.5606,4.5187,0.9782,3.3122,4.8445,2.385,3.3915,0.058,2.1527,0.4968
11,0.0238,3.2391,0.6301,0.2627,0.4263,1.2095,4.3167,0.6514,1.7564,4.7122,2.3382,2.5255,0.0359,0.259,0.5122
26,0.0264,3.1627,0.4619,0.3154,0.7152,1.3103,4.3422,1.1261,1.7266,4.7022,1.6923,1.05,0.272,0.2734,2.1949
19,0.0277,3.0793,0.6301,0.2627,0.4263,1.2095,3.8297,0.6514,1.7564,4.7122,2.3382,2.5255,0.0359,0.0,0.5122
39,0.0318,3.0068,0.6656,0.2627,0.4263,2.0085,3.7825,0.6514,4.2451,4.7122,2.3433,2.5255,0.1722,0.0,0.5015
33,0.0341,2.9175,0.413,0.2941,0.459,1.3033,4.342,1.0889,1.7564,1.1639,2.4033,3.4618,0.0578,0.0,0.5122
41,0.0381,2.8729,0.4212,0.3134,0.4793,1.3298,4.3422,1.1,1.7564,1.4122,2.4033,3.4612,0.0578,0.0,0.5122
37,0.0383,2.8092,0.8986,1.907,1.4827,1.5796,3.858,1.0883,3.0255,1.4137,2.3175,3.5419,0.0577,0.0084,0.5125
21,0.0413,2.729,0.897,1.9073,1.4824,1.5796,4.3595,1.0883,3.3617,1.4137,2.3175,3.4892,0.0577,0.0084,0.5125
34,0.0456,2.7044,0.4197,0.31,0.5461,1.3031,4.341,1.0986,1.7564,1.1667,2.4033,3.4612,0.0577,0.0,0.5125
22,0.0496,2.6766,0.6726,1.9067,1.4824,1.5793,4.3595,1.0652,3.3617,1.4137,2.3175,3.4892,0.0566,0.0077,0.5165
40,0.0531,2.6072,0.8453,3.6673,1.0978,2.1778,3.7524,2.2774,4.2095,0.0559,3.2628,1.8832,0.1365,0.0925,0.5897
43,0.0632,2.5044,0.6726,1.9067,1.4789,1.5735,4.3355,1.0652,3.3617,1.4137,2.3104,3.452,0.0,0.0077,0.5165
25,0.0677,2.4841,0.7974,2.863,0.883,2.0046,4.2467,0.2114,4.2095,3.3228,2.1722,2.9402,0.1216,0.106,0.1922
24,0.0713,2.4225,0.4224,1.8931,1.4828,1.6757,4.3422,2.0993,1.5703,1.4568,3.2643,3.7432,0.271,0.1649,2.2146
36,0.0751,2.3877,0.6793,3.6606,1.1799,2.1778,1.6394,2.2774,4.2095,0.0559,3.2628,1.8832,0.1367,0.0925,0.5934
45,0.0793,2.3733,0.6726,1.9067,1.4789,1.5735,4.3355,1.0652,3.3617,1.4137,2.3104,3.452,0.0,0.0077,0.5165
48,0.0813,2.3563,0.6292,1.8889,1.3044,1.5688,2.547,1.0997,1.6306,1.1745,2.9438,2.5475,0.1857,0.006,0.5127
31,0.0843,2.3257,0.4197,3.7096,1.0953,2.1144,4.341,1.0631,1.7552,1.1667,2.4033,3.475,0.0577,0.0,0.5125
18,0.0887,2.2767,0.0384,0.3134,0.5444,1.2755,1.3232,1.0883,1.7558,0.0219,1.9092,1.5778,0.0577,0.3889,0.5122
20,0.095,2.2678,0.9037,3.6612,1.1799,2.2558,1.6394,2.3005,4.2095,0.0559,3.0915,1.8832,0.1355,0.0381,0.5927
35,0.0983,2.2146,0.4275,2.7885,1.1033,1.7848,4.3169,2.2526,4.3638,1.2441,2.4132,3.4623,0.2712,0.0511,0.593
5,0.1012,2.1793,0.0536,0.3858,0.4578,1.5552,1.7098,0.9837,3.2145,0.004,2.3099,1.5198,0.0578,0.0,0.4968
4,0.1141,2.1075,0.0246,0.3858,0.5618,1.5606,1.7358,0.9782,3.2151,0.0222,2.1561,1.5771,0.0,0.0,0.4968
10,0.1196,2.0816,0.0461,1.9329,1.2209,1.2997,1.3595,2.2772,4.2095,0.0,3.1263,1.3964,0.0439,0.0511,0.5932
12,0.128,2.0577,0.0879,0.6011,0.4526,1.5567,1.6852,0.0872,4.2095,0.0243,2.1472,1.5937,0.0587,0.106,0.5889
17,0.1309,2.0067,0.0461,1.9528,1.1029,1.3362,1.3647,0.1988,4.2095,0.0,3.1263,0.8707,0.0429,0.0511,0.5932
30,0.1381,1.9847,0.0274,2.7804,0.9096,2.0071,1.6394,0.6325,4.2095,0.0559,2.1619,1.5827,0.1236,0.0511,0.5119
47,0.1403,1.9651,0.0947,3.4631,0.4526,2.0014,1.6394,0.0872,4.2095,0.0243,2.1472,1.6009,0.0587,0.106,0.5889
44,0.1437,1.9429,0.0279,2.8603,0.8813,1.8075,1.6394,0.2721,4.2095,0.0559,2.149,1.5829,0.1216,0.0524,0.0
27,0.147,1.9377,0.0221,2.7666,0.8814,1.738,1.6394,0.2143,4.2095,0.0559,2.1618,1.5829,0.1216,0.0,0.1928
8,0.1536,1.8981,0.0274,2.7804,0.8813,2.0045,1.6394,0.2143,4.2095,0.0559,2.1619,1.5829,0.1216,0.0511,0.1928
28,0.1615,1.8755,0.0274,2.7804,0.8813,2.0045,1.6394,0.2143,4.2095,0.0559,1.9763,1.5829,0.1216,0.0511,0.1928
49,0.164,1.8647,0.0384,2.7312,0.8747,2.0845,1.6394,1.1023,4.217,0.0,2.1617,1.5829,0.1216,0.0511,0.3662
29,0.1677,1.8503,0.0279,3.4631,1.2303,2.0014,1.6394,0.0869,4.2095,0.0559,2.1491,1.5829,0.1216,0.106,0.5889
46,0.1742,1.8359,0.0518,3.6606,1.0978,2.1778,1.6394,2.2774,4.2095,0.0559,3.2628,1.8832,0.1367,0.0925,0.5934
0,0.1747,1.8342,0.0274,2.7683,0.8813,1.738,1.6394,0.2143,4.2095,0.0559,2.1619,1.5829,0.1216,0.0,0.1928
