experiment,policy,load_jobs_per_ms,seed,num_jobs_completed,num_jobs_dropped,num_batches,turnaround_mean_ms,turnaround_p50_ms,turnaround_p95_ms,turnaround_p99_ms,turnaround_max_ms,wait_mean_ms,busy_time_ms,compression_ratio,throughput_jobs_per_ms,utilization,max_queue_length,stable
yolo_load_sweep,fcfs_no_batch,0.05,1,3015,0,3015,6.975863054121479,5.28784429526786,12.732345969157173,18.213622035156227,45.425000000000004,1.2067128053643992,17393.9880000026,1.0,0.05025,0.28989980000004334,4,True
yolo_load_sweep,fcfs_no_batch,0.05,2,3086,0,3086,7.122989898375155,6.570386210854849,13.059899360925556,16.799606507208242,42.42,1.2907070079012155,17998.42500000258,1.0,0.05143333333333333,0.29997375000004295,4,True
yolo_load_sweep,fcfs_no_batch,0.05,3,3051,0,3051,7.169954768794107,6.138607777553261,13.235273439776392,19.341868239198448,45.666000000000004,1.3739121598125597,17683.7260000027,1.0,0.05085,0.2947287666667117,4,True
yolo_load_sweep,fcfs_no_batch,0.1,1,6048,0,6048,10.067929314668836,7.959999999999127,22.654281641443408,33.889663900022725,51.62572295322752,4.27166807128172,35055.788000005276,1.0,0.1008,0.5842631333334213,4,True
yolo_load_sweep,fcfs_no_batch,0.1,2,6092,0,6093,10.040208565114229,7.959999999999127,22.59056208175584,33.886636015218905,49.97302322628093,4.23660958284153,35360.43500000528,1.0001641497045306,0.10153333333333334,0.5893405833334213,6,True
yolo_load_sweep,fcfs_no_batch,0.1,3,6026,0,6027,9.863276235675603,7.959999999999127,21.223847902492707,33.08158046573135,57.63603913294901,4.092215498867548,34784.372000005336,1.0001659475605709,0.10043333333333333,0.5797395333334223,4,True
yolo_load_sweep,fcfs_no_batch,0.15,1,9049,0,9049,25.260700761407893,20.593841641508334,62.038142606223126,82.8837058914122,113.16034872191813,19.47414313072958,52362.56000000805,1.0,0.15081666666666665,0.8727093333334676,10,True
yolo_load_sweep,fcfs_no_batch,0.15,2,9124,0,9125,28.614567680124168,20.46658199805097,77.48435185929418,99.93493164052792,125.26951066485344,22.824438789285942,52837.09600000796,1.0001096010521702,0.15206666666666666,0.8806182666667993,13,True
yolo_load_sweep,fcfs_no_batch,0.15,3,8948,0,8949,22.882497528472086,17.98406567417078,57.278791923246345,82.84702631560188,123.92068384647428,17.116681815462698,51597.429000008,1.0001117568171658,0.14913333333333334,0.8599571500001333,11,True
yolo_load_sweep,fcfs_no_batch,0.2,1,10371,0,10372,4200.059910937866,4091.0840300659365,8081.945256672156,8341.62387084589,8599.687455328625,4194.274753093879,60002.782000009196,1.0000964227171922,0.17285,1.00004636666682,913,False
yolo_load_sweep,fcfs_no_batch,0.2,2,10358,0,10359,4671.699231473474,4977.6627911645155,8711.18746745965,9067.813036468917,9104.02206918472,4665.90705972217,60000.225000009195,1.0000965437343117,0.17263333333333333,1.0000037500001533,976,False
yolo_load_sweep,fcfs_no_batch,0.2,3,10394,0,10395,4052.6957519762827,4299.897083215108,7174.820804055161,7395.484675127799,7474.017899421153,4046.923520015535,60004.539000009296,1.000096209351549,0.17323333333333332,1.0000756500001549,742,False
yolo_load_sweep,fcfs_no_batch,0.25,1,10371,0,10372,9359.2059937203,9260.825617644303,17867.071903964643,18546.71738501695,18871.084030715057,9353.420835876312,60002.782000009196,1.0000964227171922,0.17285,1.00004636666682,2494,False
yolo_load_sweep,fcfs_no_batch,0.25,2,10358,0,10359,9749.48607890381,10055.165553879697,18367.776311348836,19124.394115466064,19269.525683463085,9743.693907152505,60000.225000009195,1.0000965437343117,0.17263333333333333,1.0000037500001533,2551,False
yolo_load_sweep,fcfs_no_batch,0.25,3,10394,0,10395,9244.958563828863,9453.197307341643,17138.20548984907,17788.361381234332,17974.570277399434,9239.186331868113,60004.539000009296,1.000096209351549,0.17323333333333332,1.0000756500001549,2336,False
yolo_load_sweep,fcfs_no_batch,0.3,1,10371,0,10372,12798.636715575256,12725.479494851603,24387.52948061058,25352.995820848977,25718.724025597483,12792.851557731266,60002.782000009196,1.0000964227171922,0.17285,1.00004636666682,4123,False
yolo_load_sweep,fcfs_no_batch,0.3,2,10358,0,10359,13134.677310524035,13401.57579489969,24805.82417612538,25831.482637126246,26057.157236220795,13128.885138772732,60000.225000009195,1.0000965437343117,0.17263333333333333,1.0000037500001533,4071,False
yolo_load_sweep,fcfs_no_batch,0.3,3,10394,0,10395,12706.46710506392,12889.579002169025,23782.175864359902,24717.284158960945,24977.42006450116,12700.694873103172,60004.539000009296,1.000096209351549,0.17323333333333332,1.0000756500001549,3881,False
yolo_load_sweep,fcfs_no_batch,0.4,1,10371,0,10372,17097.925117893938,17059.206215284805,32542.97557520094,33860.84386563898,34282.71434504009,17092.139960049946,60002.782000009196,1.0000964227171922,0.17285,1.00004636666682,7252,False
yolo_load_sweep,fcfs_no_batch,0.4,2,10358,0,10359,17366.16635004932,17583.548312057457,32853.38400709607,34225.73299437446,34541.69667716785,17360.37417829801,60000.225000009195,1.0000965437343117,0.17263333333333333,1.0000037500001533,7266,False
yolo_load_sweep,fcfs_no_batch,0.4,3,10394,0,10395,17033.35278160773,17182.728001626678,32080.16915382933,33378.7194625308,33730.98229837819,17027.580549646984,60004.539000009296,1.000096209351549,0.17323333333333332,1.0000756500001549,7082,False
yolo_load_sweep,fcfs_no_batch,0.5,1,10371,0,10372,19677.498159285155,19658.452258143483,37436.46006016235,38965.552692512974,39425.745876033914,19671.71300144116,60002.782000009196,1.0000964227171922,0.17285,1.00004636666682,10408,False
yolo_load_sweep,fcfs_no_batch,0.5,2,10358,0,10359,19905.059773764486,20092.577549645895,37681.43174166299,39264.00813313549,39632.42034173614,19899.26760201318,60000.225000009195,1.0000965437343117,0.17263333333333333,1.0000037500001533,10520,False
yolo_load_sweep,fcfs_no_batch,0.5,3,10394,0,10395,19629.48418753402,19758.617401301275,37060.38906306517,38578.4074100265,38983.11963870436,19623.71195557327,60004.539000009296,1.000096209351549,0.17323333333333332,1.0000756500001549,10312,False
yolo_load_sweep,fcfs_no_batch,0.6,1,10371,0,10372,21397.21352021263,21392.355454002536,40698.78305013667,42368.69191042899,42854.43356336313,21391.428362368642,60002.782000009196,1.0000964227171922,0.17285,1.00004636666682,13626,False
yolo_load_sweep,fcfs_no_batch,0.6,2,10358,0,10359,21597.655389574596,21765.263708038186,40899.96420138718,42622.799882026964,43026.23611811499,21591.86321782329,60000.225000009195,1.0000965437343117,0.17263333333333333,1.0000037500001533,13609,False
yolo_load_sweep,fcfs_no_batch,0.6,3,10394,0,10395,21360.23845815155,21475.877001084344,40380.21926751569,42044.86604169025,42484.544532255226,21354.4662261908,60004.539000009296,1.000096209351549,0.17323333333333332,1.0000756500001549,13545,False
yolo_load_sweep,fcfs_no_batch,0.7,1,10371,0,10372,22625.581635160826,22630.223674859266,43029.01375726114,44799.50563751187,45303.49619716974,22619.79647731683,60002.782000009196,1.0000964227171922,0.17285,1.00004636666682,16757,False
yolo_load_sweep,fcfs_no_batch,0.7,2,10358,0,10359,22806.65225801039,22960.03953546125,43198.91595833304,45021.3440845958,45450.39024409988,22800.860086259083,60000.225000009195,1.0000965437343117,0.17263333333333333,1.0000037500001533,16667,False
yolo_load_sweep,fcfs_no_batch,0.7,3,10394,0,10395,22596.491508592637,22702.49100092939,42751.51584358607,44520.90792145007,44986.1633355446,22590.71927663189,60004.539000009296,1.000096209351549,0.17323333333333332,1.0000756500001549,16634,False
yolo_load_sweep,fcfs_batch,0.05,1,3015,0,2965,6.7997502436192905,5.119380277603341,12.203488821069358,15.939154905019251,23.861,1.0087174077975627,17135.318000002506,0.9834162520729685,0.05025,0.2855886333333751,4,True
yolo_load_sweep,fcfs_batch,0.05,2,3086,0,3025,6.935953599999362,6.176723735305131,12.422012401621942,15.336105186907249,23.181,1.096827222811286,17687.261000002425,0.9802333117303953,0.05143333333333333,0.29478768333337374,4,True
yolo_load_sweep,fcfs_batch,0.05,3,3051,0,2995,6.920648663859131,5.975117377442075,12.416571921018658,15.65883379306797,24.90735633400618,1.1170777035174306,17393.580000002556,0.9816453621763356,0.05085,0.2898930000000426,4,True
yolo_load_sweep,fcfs_batch,0.1,1,6048,0,5593,8.320300312631382,7.940573139618209,15.993117316272947,20.61552888267251,33.994542892833124,2.45606254808044,32716.54700000425,0.9247685185185185,0.1008,0.5452757833334042,4,True
yolo_load_sweep,fcfs_batch,0.1,2,6092,0,5636,8.308522326632033,7.959999999999127,15.575570603771979,20.129401101571396,28.222340420886212,2.4533143489557014,32985.272000004334,0.9251477347340775,0.10153333333333334,0.5497545333334055,4,True
yolo_load_sweep,fcfs_batch,0.1,3,6026,0,5571,8.263929080386335,7.9006506779151096,15.579761763487113,19.727,32.316781889758204,2.432304951610314,32457.242000004386,0.9244938599402589,0.10043333333333333,0.5409540333334064,4,True
yolo_load_sweep,fcfs_batch,0.15,1,9049,0,7495,9.99023289085783,8.831641739729093,19.22611476766324,24.00925529475608,42.30624031602201,4.052560772391195,44336.171000004906,0.8282683169410985,0.15081666666666665,0.7389361833334152,5,True
yolo_load_sweep,fcfs_batch,0.15,2,9124,0,7591,10.164955383723056,8.937579934903624,19.476098435104,24.91849470525413,34.759689193131635,4.217305778286319,44939.29200000513,0.8319815870232354,0.15206666666666666,0.7489882000000855,4,True
yolo_load_sweep,fcfs_batch,0.15,3,8948,0,7440,9.899183146583356,8.672873390249151,18.83628045782043,23.534036674707902,35.516906020701754,3.9912213674143184,43872.70100000492,0.8314707197139025,0.14913333333333334,0.7312116833334154,4,True
yolo_load_sweep,fcfs_batch,0.2,1,12091,0,8625,12.137287345726849,10.97924473455987,23.26391364072697,29.79846359696385,51.42299436653411,5.9645874036208015,52246.30500000479,0.7133405011992391,0.20151666666666668,0.8707717500000798,6,True
yolo_load_sweep,fcfs_batch,0.2,2,12222,0,8651,12.268085378957377,11.15002840352463,23.517179897640744,29.471400855590236,44.13733848990603,6.081864874947889,52680.300000004594,0.70782196039928,0.2037,0.8780050000000765,6,True
yolo_load_sweep,fcfs_batch,0.2,3,11866,0,8568,11.854153936537141,10.778853484742285,22.465302117043848,28.14448857946191,42.35548858343191,5.757540587472249,51751.38000000462,0.7220630372492837,0.19776666666666667,0.862523000000077,5,True
yolo_load_sweep,fcfs_batch,0.25,1,15086,0,9004,14.239996549517315,13.19540260111171,27.01536269719969,34.78028148842556,61.999546930492215,7.765984883071402,56585.04500000375,0.5968447567280922,0.25143333333333334,0.9430840833333959,10,True
yolo_load_sweep,fcfs_batch,0.25,2,15092,0,8974,14.230091331493112,13.119091304628455,27.31529851838468,34.48816272935386,54.500782536622864,7.772286401728809,56413.379000003864,0.5946196660482375,0.25153333333333333,0.9402229833333977,9,True
yolo_load_sweep,fcfs_batch,0.25,3,14847,0,9012,13.929589565823184,12.9140142530523,26.332753563817366,33.275491350001765,53.806731374934316,7.575578587174082,56178.67800000398,0.6069913113760356,0.24745,0.9363113000000663,7,True
yolo_load_sweep,fcfs_batch,0.3,1,18085,0,8928,16.200899976071792,14.916381130176887,31.07368859868102,39.63779490610206,61.00884818276609,9.39134305044271,58645.56000000289,0.49366878628697813,0.30141666666666667,0.9774260000000482,10,True
yolo_load_sweep,fcfs_batch,0.3,2,18075,0,8845,16.410460075980623,15.200638175388576,31.344108474314996,39.84155664561138,83.22270295704948,9.52484242729447,58508.31400000297,0.48934993084370676,0.30125,0.9751385666667162,12,True
yolo_load_sweep,fcfs_batch,0.3,3,17749,0,8957,15.948566148056258,14.812843768484527,29.956835700126245,38.107336723306524,61.80277614577062,9.248456226370415,58287.136000003,0.5046481491915037,0.29581666666666667,0.9714522666667167,9,True
yolo_load_sweep,fcfs_batch,0.4,1,24088,0,7894,21.378576510939954,19.623404088320058,41.82833619341281,53.99509832142981,106.1798543545483,13.300965708880689,59864.315000002185,0.32771504483560276,0.4014666666666667,0.9977385833333697,23,True
yolo_load_sweep,fcfs_batch,0.4,2,24112,0,7873,21.44839554254803,19.708722111114525,41.931744214846546,53.910021530962325,116.98284015498211,13.339783938367395,59804.75200000227,0.3265179163901792,0.40186666666666665,0.9967458666667045,16,True
yolo_load_sweep,fcfs_batch,0.4,3,23758,0,8041,20.810785447431137,19.198063313315288,40.41284418855029,51.43552107232442,78.35309105444321,12.932981255158928,59781.13500000237,0.33845441535482784,0.3959666666666667,0.9963522500000395,14,True
yolo_load_sweep,fcfs_batch,0.5,1,29999,0,6239,29.589501448249955,26.816642919271544,60.55078534261409,82.03395870420059,136.40678074746393,18.96810786846383,59998.89800000153,0.20797359911997065,0.49998333333333334,0.9999816333333588,20,True
yolo_load_sweep,fcfs_batch,0.5,2,30085,0,6247,29.770601495662213,26.872124920623264,60.77521302236618,81.35081633593187,139.30165383199346,19.086251587069782,59987.524000001635,0.20764500581685225,0.5014166666666666,0.999792066666694,29,True
yolo_load_sweep,fcfs_batch,0.5,3,29884,0,6337,29.535764670513544,26.585439444996155,61.20203221521574,82.81108985183951,138.64861444837152,18.951025478972806,59975.77600000152,0.21205327265426316,0.49806666666666666,0.999596266666692,29,True
yolo_load_sweep,fcfs_batch,0.6,1,36039,0,3224,64.60314142628864,56.43206218178966,140.10293977914785,198.352769277085,379.8277135073313,41.86032952806742,60004.24299999981,0.0894586420266933,0.60065,1.0000707166666636,66,True
yolo_load_sweep,fcfs_batch,0.6,2,36124,0,3127,72.41221409269889,59.87959210492954,170.01147163772035,244.75327434521878,397.12937735993955,47.275721816096144,60000.75399999985,0.08656294983944192,0.6020666666666666,1.0000125666666642,96,True
yolo_load_sweep,fcfs_batch,0.6,3,35900,0,3395,62.75313696406534,53.993947376486176,140.37601246492338,192.4046285868596,404.70138029786904,40.60534958244991,60014.10199999974,0.09456824512534819,0.5983333333333334,1.000235033333329,89,True
yolo_load_sweep,fcfs_batch,0.7,1,40931,0,722,1100.886003770476,1195.4747827286083,1647.4867173898128,1811.1112945979587,2001.1509706052311,1011.4542372121215,60157.80200000009,0.017639441987735458,0.6821833333333334,1.002630033333335,705,False
yolo_load_sweep,fcfs_batch,0.7,2,40969,0,680,1122.027034078225,1197.914067313941,1637.0564335307877,1753.7679934840291,1892.471672186548,1030.9325361407598,60103.20000000009,0.01659791549708316,0.6828166666666666,1.0017200000000015,650,False
yolo_load_sweep,fcfs_batch,0.7,3,40798,0,702,937.3640253466557,822.9278691786585,1773.8009653417218,1930.1448117526163,2124.535980917535,848.0129093605779,60138.32900000009,0.01720672581989313,0.6799666666666667,1.002305483333335,770,False
yolo_load_sweep,longest_queue,0.05,1,3015,0,2966,6.779891465327759,5.104059128199879,11.919068882191823,16.859692978217524,28.78774746842464,0.988451664331903,17137.894000002503,0.9837479270315092,0.05025,0.28563156666670836,4,True
yolo_load_sweep,longest_queue,0.05,2,3086,0,3030,6.908482763965684,6.079257081963078,12.198771592119556,16.37244613140993,24.613574703886115,1.0696859395967886,17711.40500000243,0.981853532080363,0.05143333333333333,0.2951900833333738,4,True
yolo_load_sweep,longest_queue,0.05,3,3051,0,3001,6.901231751371446,5.7424850735587825,12.274750724074693,16.984586085168303,36.079,1.09781025022345,17422.767000002565,0.9836119305145854,0.05085,0.2903794500000427,4,True
yolo_load_sweep,longest_queue,0.1,1,6048,0,5631,8.169724417183096,7.4616233757824375,16.05792708798398,23.81660822619148,46.60605383840448,2.3093198206215066,32824.13500000456,0.9310515873015873,0.1008,0.5470689166667426,4,True
yolo_load_sweep,longest_queue,0.1,2,6092,0,5680,8.236058863956297,7.592928211020535,16.097515923159154,24.17592254265373,59.72392814878185,2.3705271830625874,33158.773000004556,0.9323703217334208,0.10153333333333334,0.5526462166667426,4,True
yolo_load_sweep,longest_queue,0.1,3,6026,0,5608,8.153262238833618,7.380089837904961,16.056361247220593,23.53808119555606,42.35549394723421,2.3143568289423824,32591.976000004623,0.9306339196813807,0.10043333333333333,0.543199600000077,4,True
yolo_load_sweep,longest_queue,0.15,1,9049,0,7616,9.840655677909103,8.080595662628184,21.018802528486415,34.480298231588705,59.415162472210795,3.8721464503695313,44708.216000005705,0.8416399602165985,0.15081666666666665,0.7451369333334285,5,True
yolo_load_sweep,longest_queue,0.15,2,9124,0,7719,9.969499413426611,8.104772191029952,21.717603297367013,33.700828377453156,89.01007942856813,3.9937176291208294,45342.939000005965,0.8460105217010083,0.15206666666666666,0.7557156500000994,4,True
yolo_load_sweep,longest_queue,0.15,3,8948,0,7591,9.708403350353192,7.960000000000036,20.659310905355415,32.11039432078903,95.48428179443044,3.78124309107673,44392.001000005854,0.8483459991059454,0.14913333333333334,0.7398666833334309,4,True
yolo_load_sweep,longest_queue,0.2,1,12091,0,8837,11.772048807251352,9.23327532516123,27.1140559038613,43.386724512522434,118.9906516915089,5.564478796499061,52755.89400000607,0.7308742039533538,0.20151666666666668,0.8792649000001012,4,True
yolo_load_sweep,longest_queue,0.2,2,12222,0,8897,12.02890341138492,9.372050308133112,27.950016743282323,45.31107072984331,95.34636376474373,5.794072287182176,53273.50300000608,0.7279495990836197,0.2037,0.887891716666768,7,True
yolo_load_sweep,longest_queue,0.2,3,11866,0,8809,11.58811888855958,9.105971585768202,26.66953886805095,42.10789942454723,106.2077783568675,5.451716646860096,52356.272000006094,0.7423731670318557,0.19776666666666667,0.8726045333334349,4,True
yolo_load_sweep,longest_queue,0.25,1,15087,0,9284,13.848375268614868,10.223204419080503,33.10007080093323,53.84029878396087,144.2140403593985,7.3280095895531066,57225.359000005206,0.6153642208523895,0.25145,0.9537559833334202,6,True
yolo_load_sweep,longest_queue,0.25,2,15092,0,9281,13.950568451720748,10.149621510065117,34.290980578649354,55.95536062765776,195.43138736494438,7.466441762083514,57062.87700000552,0.6149615690432017,0.25153333333333333,0.951047950000092,6,True
yolo_load_sweep,longest_queue,0.25,3,14847,0,9295,13.639092148160215,10.071883705531945,32.69048705395794,53.86917540495475,148.6695790642334,7.206838157454663,56799.80200000566,0.6260524011584832,0.24745,0.946663366666761,5,True
yolo_load_sweep,longest_queue,0.3,1,18083,0,9121,16.031397304626978,11.792743759991936,39.557742051696344,63.17063003743207,235.15896846336545,9.101225485791428,58985.926000003994,0.5043963944035835,0.30138333333333334,0.9830987666667332,7,True
yolo_load_sweep,longest_queue,0.3,2,18078,0,9082,16.11963785379749,11.932595011894591,39.90255246186988,63.234633175779365,233.22595851904134,9.176561628551154,58896.47400000407,0.5023785817015156,0.3013,0.9816079000000678,6,True
yolo_load_sweep,longest_queue,0.3,3,17748,0,9187,15.741843691925972,11.577751686994816,38.43691990456953,62.326638961035336,193.82905489438417,8.916061068531585,58747.139000004216,0.5176357899481632,0.2958,0.9791189833334036,8,True
yolo_load_sweep,longest_queue,0.4,1,24088,0,7936,20.66849682121778,16.459239743766375,49.896623412027054,79.98768947171897,241.5754726038067,12.574038792323694,59916.540000001085,0.32945865161076054,0.4014666666666667,0.9986090000000181,16,True
yolo_load_sweep,longest_queue,0.4,2,24110,0,7919,20.913633485008805,16.642517006681373,50.61329054769408,81.08164008045499,194.9015251016608,12.834348250666192,59914.88300000129,0.3284529240978847,0.4018333333333333,0.9985813833333548,12,True
yolo_load_sweep,longest_queue,0.4,3,23759,0,8090,20.28359407605668,15.958597259799717,49.30557560479765,79.65886416679801,269.2504035855054,12.361830617998663,59897.65000000131,0.34050254640346816,0.39598333333333335,0.9982941666666885,12,True
yolo_load_sweep,longest_queue,0.5,1,30002,0,6258,27.878163664750538,22.467176349317015,68.43237501609413,106.78699003536329,282.16963765988476,17.73434308612242,60004.776000000165,0.20858609426038263,0.5000333333333333,1.0000796000000027,19,True
yolo_load_sweep,longest_queue,0.5,2,30089,0,6252,28.22637145478743,22.424037182179745,69.70534555753252,112.27980259124718,281.20663981927237,18.010306647050403,60000.069999999905,0.20778357539300077,0.5014833333333333,1.000001166666665,23,True
yolo_load_sweep,longest_queue,0.5,3,29896,0,6354,27.94822629853372,22.004583379806718,69.53921134248048,111.85275666971461,296.343214265695,17.82118247996261,60000.81900000031,0.21253679421996255,0.4982666666666667,1.0000136500000052,25,True
yolo_load_sweep,longest_queue,0.6,1,36045,0,3579,54.24224871581439,41.98841589368385,139.48910506486422,222.78735658482375,523.216331828572,35.748113440464195,60012.13199999999,0.09929255097794423,0.60075,1.0002022,47,True
yolo_load_sweep,longest_queue,0.6,2,36113,0,3438,58.495233261557516,44.73124737485705,151.9482744862764,242.08606766487466,615.2015139799064,38.71202937376099,60010.77399999986,0.09520117409243209,0.6018833333333333,1.0001795666666644,40,True
yolo_load_sweep,longest_queue,0.6,3,35988,0,3656,53.736326116915286,41.28702167575102,140.82349697935146,220.12492017567567,553.9489016735315,35.297471832153825,60096.13799999996,0.1015894186951206,0.5998,1.0016022999999994,63,True
yolo_load_sweep,longest_queue,0.7,1,41214,0,723,777.8320465581177,573.4867785167726,1939.018713232291,2990.3198018941725,4027.339773471016,688.1251458447678,60072.12900000009,0.017542582617557142,0.6869,1.0012021500000015,297,False
yolo_load_sweep,longest_queue,0.7,2,41320,0,683,760.2553962334893,559.6184516212347,1914.1758705807479,2711.2065864965602,3409.509995433633,669.256130212192,60062.40100000009,0.016529525653436593,0.6886666666666666,1.0010400166666682,272,False
yolo_load_sweep,longest_queue,0.7,3,41142,0,686,583.8129585257265,446.04412561774643,1529.832211410963,2537.291853949186,3788.495392971301,493.11810438640396,60070.20800000008,0.01667395848524622,0.6857,1.0011701333333347,269,False
yolo_load_sweep,timeout_batch,0.05,1,3014,0,2371,19.87212185642113,19.955000000001746,25.092695073762297,28.75565603328199,34.93712563918234,13.936182241291343,14087.697000001303,0.7866622428666225,0.05023333333333333,0.2347949500000217,5,True
yolo_load_sweep,timeout_batch,0.05,2,3085,0,2421,19.900370992835843,19.976999999998952,25.584148991071373,28.88966587882837,33.366,13.892278610339586,14535.483000001163,0.7847649918962722,0.051416666666666666,0.24225805000001938,5,True
yolo_load_sweep,timeout_batch,0.05,3,3050,0,2348,19.80709424164564,19.976999999998952,25.931236542643454,29.75949661002266,37.872,13.785330962956767,14081.831000001232,0.7698360655737705,0.050833333333333335,0.23469718333335385,5,True
yolo_load_sweep,timeout_batch,0.1,1,6048,0,3934,19.62169598467335,19.976999999998952,27.723181690860745,32.01660988963492,40.47,13.400108517741957,24274.76900000151,0.6504629629629629,0.1008,0.4045794833333585,5,True
yolo_load_sweep,timeout_batch,0.1,2,6092,0,3957,19.56833760097021,19.976999999998952,27.35953092470845,31.85294039898243,41.50361708486162,13.375041967352214,24440.08900000136,0.6495403808273145,0.10153333333333334,0.40733481666668936,5,True
yolo_load_sweep,timeout_batch,0.1,3,6025,0,3922,19.593943331841935,19.976999999998952,27.565604817412897,30.918532577941374,43.12604522008769,13.452352460472481,24057.265000001447,0.6509543568464731,0.10041666666666667,0.4009544166666908,5,True
yolo_load_sweep,timeout_batch,0.15,1,9047,0,4996,19.654130179020754,20.08461738670303,29.770388518860997,34.31337324631448,58.95237469919812,13.183217390250931,31817.69700000137,0.5522272576544711,0.15078333333333332,0.5302949500000229,7,True
yolo_load_sweep,timeout_batch,0.15,2,9124,0,5087,19.624861671940323,20.113560438987406,29.456216643427116,33.9917902893244,47.56489202439843,13.205271579875362,32305.002000001423,0.5575405523893029,0.15206666666666666,0.5384167000000237,7,True
yolo_load_sweep,timeout_batch,0.15,3,8947,0,4975,19.52085836929758,20.0308094066786,29.07738680689181,33.84108616468991,45.252696813389775,13.188376084732846,31385.795000001453,0.5560523080362133,0.14911666666666668,0.5230965833333575,6,True
yolo_load_sweep,timeout_batch,0.2,1,12088,0,5779,19.881658819362524,20.11499999999978,31.109278185072792,37.14311181419497,61.93484113600425,13.161474256159273,38105.06100000156,0.47807743216412973,0.20146666666666666,0.6350843500000259,7,True
yolo_load_sweep,timeout_batch,0.2,2,12220,0,5869,19.947721812260532,20.1150000000016,31.126926709353935,36.79436867058054,47.12888835494459,13.213900453831656,38797.03300000158,0.48027823240589196,0.20366666666666666,0.646617216666693,7,True
yolo_load_sweep,timeout_batch,0.2,3,11864,0,5760,19.78544963713899,20.11499999999978,30.405411244917676,35.83088197644818,49.967243679304374,13.1683603755071,37713.43000000165,0.4855023600809171,0.19773333333333334,0.6285571666666941,6,True
yolo_load_sweep,timeout_batch,0.25,1,15084,0,6284,20.391488594950864,20.209999999999127,33.62678829389337,40.018973440040064,59.93034418956813,13.334876953476401,43301.30200000142,0.4166003712543092,0.2514,0.7216883666666903,7,True
yolo_load_sweep,timeout_batch,0.25,2,15090,0,6306,20.3404605696164,20.19600000000355,33.25573919894837,39.24712856417113,54.793927470163,13.330811596786678,43308.64100000139,0.41789264413518884,0.2515,0.7218106833333565,9,True
yolo_load_sweep,timeout_batch,0.25,3,14847,0,6267,20.213135610846013,20.195999999999913,32.71640722320552,38.95367559570166,61.252052922682196,13.285473456875426,42769.23300000168,0.42210547585370783,0.24745,0.712820550000028,8,True
yolo_load_sweep,timeout_batch,0.3,1,18085,0,6574,21.114191632798622,20.572265301620064,36.131940358426434,44.74987478023671,68.133832002095,13.697701171089928,47428.64300000167,0.3635056676803981,0.30141666666666667,0.7904773833333611,12,True
yolo_load_sweep,timeout_batch,0.3,2,18071,0,6613,21.226534813972236,20.743915686638502,36.14154580631566,44.187279242664566,85.06879430990375,13.80161217549061,47687.1790000015,0.3659454374412041,0.30118333333333336,0.7947863166666918,10,True
yolo_load_sweep,timeout_batch,0.3,3,17747,0,6593,20.93226335993608,20.54479061154052,35.204119588502515,42.55152665581977,71.16593187023045,13.663846782486294,46988.95800000153,0.37149940835070716,0.29578333333333334,0.7831493000000255,10,True
yolo_load_sweep,timeout_batch,0.4,1,24086,0,6695,23.734981005159387,22.85329907891537,43.403138602371655,55.399128106724156,115.13385374965583,15.298342086285155,54227.05700000203,0.27796230175205516,0.4014333333333333,0.9037842833333671,13,True
yolo_load_sweep,timeout_batch,0.4,2,24109,0,6667,23.947364943230205,22.959999999999127,43.797031021209825,55.52019919167851,118.55252255414234,15.479973844470226,54042.61100000191,0.27653573354349,0.40181666666666666,0.9007101833333652,15,True
yolo_load_sweep,timeout_batch,0.4,3,23757,0,6726,23.56740250557399,22.80412754279314,42.974602553947264,53.23482652061997,77.54375323795102,15.276440978444986,53765.09800000188,0.283116555120596,0.39595,0.896084966666698,16,True
yolo_load_sweep,timeout_batch,0.5,1,29998,0,5839,30.517125221923756,27.99638248513179,61.437952049869246,82.90424325542975,141.3580165510648,19.697340002909026,58178.6270000015,0.1946463097539836,0.49996666666666667,0.9696437833333583,20,True
yolo_load_sweep,timeout_batch,0.5,2,30086,0,5851,30.710542196255776,28.268806271252743,61.69167548077712,81.36809775327315,151.5108721393044,19.856367064965347,58274.3070000015,0.19447583593698065,0.5014333333333333,0.971238450000025,26,True
yolo_load_sweep,timeout_batch,0.5,3,29896,0,5877,30.482457282333627,27.950228596590023,60.53334290778548,82.45256993595781,161.2775734738898,19.720517825549972,57928.7780000015,0.1965814824725716,0.4982666666666667,0.9654796333333583,20,True
yolo_load_sweep,timeout_batch,0.6,1,36051,0,3231,64.51363568892738,56.22961583484721,140.7970472255911,203.60108392161283,364.6985948491774,41.84028549059739,59899.2569999997,0.08962303403511691,0.60085,0.998320949999995,61,True
yolo_load_sweep,timeout_batch,0.6,2,36131,0,3106,74.48384500793615,59.53041272170958,181.81511563231015,271.6802504916325,392.65099959991585,48.958710331342786,59862.93299999969,0.08596496083695442,0.6021833333333333,0.9977155499999949,96,True
yolo_load_sweep,timeout_batch,0.6,3,35986,0,3359,62.67979925089477,54.085022632101754,138.67991407932277,187.45509362870877,325.4191369364635,40.806703019027,59953.66099999968,0.09334185516589785,0.5997666666666667,0.999227683333328,69,True
yolo_load_sweep,timeout_batch,0.7,1,40903,0,714,1131.0946165060413,1228.8014728539347,1685.7723350817785,1844.8791800349452,2042.9098193547034,1041.4479144059508,60151.198000000084,0.017455932327702126,0.6817166666666666,1.002519966666668,716,False
yolo_load_sweep,timeout_batch,0.7,2,40992,0,675,1116.8593214316847,1192.0991940652348,1619.8680883486968,1732.4177541988417,1919.3034742508753,1025.6994006910522,60094.232000000105,0.016466627634660422,0.6832,1.0015705333333351,624,False
yolo_load_sweep,timeout_batch,0.7,3,40774,0,699,928.0232413886164,808.2919987816949,1763.2634283683083,1907.2122269570298,2116.3258217273906,838.6622196345572,60069.258000000096,0.017143277578849266,0.6795666666666667,1.0011543000000016,792,False
