experiment,policy,load_jobs_per_ms,seed,num_jobs_completed,num_jobs_dropped,num_batches,turnaround_mean_ms,turnaround_p50_ms,turnaround_p95_ms,turnaround_p99_ms,turnaround_max_ms,wait_mean_ms,busy_time_ms,compression_ratio,throughput_jobs_per_ms,utilization,max_queue_length,stable
resnet_load_sweep,fcfs_no_batch,0.05,1,3015,0,3015,7.654882542077924,7.449000000000524,14.048721150823978,20.04831721081588,50.05199999999999,1.4248825420782432,18783.449999999037,1.0,0.05025,0.31305749999998395,4,True
resnet_load_sweep,fcfs_no_batch,0.05,2,3086,0,3086,7.789464011961172,7.449000000000524,14.19507798194536,18.179173534420627,47.666999999999994,1.5337368570684076,19305.17399999907,1.0,0.05143333333333333,0.3217528999999845,4,True
resnet_load_sweep,fcfs_no_batch,0.05,3,3051,0,3051,7.889890767313286,7.449000000000524,14.390029320416943,21.355540405021202,47.666999999999994,1.63847188825756,19073.078999999023,1.0,0.05085,0.3178846499999837,4,True
resnet_load_sweep,fcfs_no_batch,0.1,1,6046,0,6047,11.738561948954741,9.021119892362549,26.365231878939994,41.81745838128556,61.419722953185556,5.490345938369524,37784.16299999822,1.0001653986106516,0.10076666666666667,0.6297360499999703,4,True
resnet_load_sweep,fcfs_no_batch,0.1,2,6092,0,6093,11.766896773350705,9.071487285651529,26.87048530594718,40.236143419490546,61.08874033342363,5.517052223121202,38079.116999998136,1.0001641497045306,0.10153333333333334,0.6346519499999689,6,True
resnet_load_sweep,fcfs_no_batch,0.1,3,6026,0,6027,11.5814988379357,9.101021694486008,25.484419135289954,40.94636178331348,68.62340995953855,5.3523079982413675,37544.55299999804,1.0001659475605709,0.10043333333333333,0.6257425499999674,5,True
resnet_load_sweep,fcfs_no_batch,0.15,1,9049,0,9049,51.87994327518336,44.983561077275226,118.9876770365183,148.26138462357136,178.153322139362,45.639652524824506,56468.39099999722,1.0,0.15081666666666665,0.9411398499999536,15,True
resnet_load_sweep,fcfs_no_batch,0.15,2,9123,0,9124,63.44901244516959,51.36824503394655,162.1411330398587,199.70198030016817,242.05206139866277,57.198655983479675,57027.065999997176,1.0001096130658775,0.15205,0.9504510999999529,20,True
resnet_load_sweep,fcfs_no_batch,0.15,3,8948,0,8949,41.256471931187804,32.855777044766,102.87793772797814,131.3703422863591,159.80703730668756,35.01916281183183,55816.50599999717,1.0001117568171658,0.14913333333333334,0.9302750999999528,14,True
resnet_load_sweep,fcfs_no_batch,0.2,1,9612,0,9613,6072.87226468242,6150.152900307259,11591.850668488552,12194.889904121428,12279.055469214523,6066.630404195529,60001.82699999705,1.0001040366208906,0.1602,1.0000304499999508,1245,False
resnet_load_sweep,fcfs_no_batch,0.2,2,9596,0,9597,6481.102655632578,6684.831306178057,12048.932959873515,12753.701423563172,12899.058334606481,6474.850132289519,60006.662999997025,1.0001042100875366,0.15993333333333334,1.0001110499999504,1343,False
resnet_load_sweep,fcfs_no_batch,0.2,3,9612,0,9613,6013.923318629454,6092.428768658943,10955.067547685825,11459.37952590323,11585.123311633659,6007.681458142563,60001.826999996956,1.0001040366208906,0.1602,1.0000304499999493,1171,False
resnet_load_sweep,fcfs_no_batch,0.25,1,9612,0,9613,10855.476037026678,10953.184463443555,20667.3073351261,21635.583558031023,21799.70012084188,10849.234176539787,60001.82699999705,1.0001040366208906,0.1602,1.0000304499999508,2742,False
resnet_load_sweep,fcfs_no_batch,0.25,2,9596,0,9597,11184.62564126287,11349.027726271577,21038.629558723518,22082.7576896619,22319.089467684556,11178.373117919811,60006.662999997025,1.0001042100875366,0.15993333333333334,1.0001110499999504,2796,False
resnet_load_sweep,fcfs_no_batch,0.25,3,9612,0,9613,10807.32719947267,10864.204086069278,20156.97859814808,21039.549639824723,21267.451249306403,10801.085338985777,60001.826999996956,1.0001040366208906,0.1602,1.0000304499999493,2639,False
resnet_load_sweep,fcfs_no_batch,0.3,1,9612,0,9613,14043.878551922848,14144.642479653387,26721.52346260464,27929.575060025363,28165.760391714943,14037.636691435957,60001.82699999705,1.0001040366208906,0.1602,1.0000304499999508,4294,False
resnet_load_sweep,fcfs_no_batch,0.3,2,9596,0,9597,14320.307631683067,14457.779981455073,27031.016278098734,28302.1251497178,28599.11022307,14314.055108340008,60006.662999997025,1.0001042100875366,0.15993333333333334,1.0001110499999504,4262,False
resnet_load_sweep,fcfs_no_batch,0.3,3,9612,0,9613,14002.929786701483,14049.456335388753,26291.58596512293,27423.411617176353,27722.33654108814,13996.687926214592,60001.826999996956,1.0001040366208906,0.1602,1.0000304499999493,4080,False
resnet_load_sweep,fcfs_batch,0.05,1,3015,0,2941,7.555375466821124,7.449000000000524,13.852435087704134,18.511675068541432,26.787,1.1584713208844997,18557.687999999,0.9754560530679933,0.05025,0.3092947999999834,4,True
resnet_load_sweep,fcfs_batch,0.05,2,3086,0,2999,7.679006366455141,7.449000000000524,13.828517352140807,17.863924593739284,24.402,1.2604642407263529,19023.673999999097,0.9718081659105638,0.05143333333333333,0.31706123333331826,4,True
resnet_load_sweep,fcfs_batch,0.05,3,3051,0,2965,7.706602646003816,7.449000000000524,13.826948433425969,18.544588614731765,31.53435633400295,1.2949749829428563,18790.965999999044,0.9718125204850868,0.05085,0.31318276666665074,4,True
resnet_load_sweep,fcfs_batch,0.1,1,6048,0,5317,9.81014067617361,7.756933262757229,19.542674116393755,24.567859222325275,31.36326786520658,2.8062764235285598,35308.17199999798,0.8791335978835979,0.1008,0.5884695333332998,4,True
resnet_load_sweep,fcfs_batch,0.1,2,6092,0,5376,9.86109539759868,7.7922678948052635,19.2626961019042,24.31498314986312,31.198919177813877,2.9040789826286346,35647.0489999981,0.8824688115561392,0.10153333333333334,0.5941174833333017,4,True
resnet_load_sweep,fcfs_batch,0.1,3,6026,0,5319,9.730712637979861,7.802695585486617,19.02625457567592,23.906716553484785,34.51648681692495,2.803600623376898,35113.92799999802,0.8826750746764023,0.10043333333333333,0.5852321333333004,4,True
resnet_load_sweep,fcfs_batch,0.15,1,9049,0,6664,12.784017113278694,11.540551578247687,24.438714433245334,31.331433223978102,63.57732582210883,4.882800072722253,47764.22399999708,0.7364349651895237,0.15081666666666665,0.7960703999999513,5,True
resnet_load_sweep,fcfs_batch,0.15,2,9124,0,6688,12.732336118598688,11.579172620376085,24.00599884336753,29.638277796900823,46.30762223897182,4.872947582869277,47951.10799999711,0.7330118369136344,0.15206666666666666,0.7991851333332852,5,True
resnet_load_sweep,fcfs_batch,0.15,3,8948,0,6644,12.537753384068827,11.315951751820648,23.61969194301109,30.829676454479017,59.2264076956144,4.72856049180292,47343.06399999716,0.7425122932498882,0.14913333333333334,0.7890510666666194,5,True
resnet_load_sweep,fcfs_batch,0.2,1,12082,0,6865,16.472362127802306,15.314555442688288,30.88502205804033,44.91732708827484,135.97499890068866,7.182245839108976,55079.7489999963,0.568200629034928,0.20136666666666667,0.917995816666605,10,True
resnet_load_sweep,fcfs_batch,0.2,2,12222,0,6863,16.42255760011022,15.364916006629073,30.794131246045776,42.00612610969498,69.2118064849019,7.200291686185132,55275.9609999963,0.5615283914252986,0.2037,0.921266016666605,7,True
resnet_load_sweep,fcfs_batch,0.2,3,11865,0,6877,15.875065338180034,14.81460185355536,30.0111244811269,42.810778453753684,67.56980291723721,6.819539253056322,54513.18299999639,0.5796038769490097,0.19775,0.9085530499999398,8,True
resnet_load_sweep,fcfs_batch,0.25,1,15069,0,5476,41.79946526184161,20.697130691107304,197.76579873320574,297.12288150613193,332.52194222299295,20.30489913270266,58620.106999997326,0.3633950494392461,0.25115,0.9770017833332888,37,False
resnet_load_sweep,fcfs_batch,0.25,2,15092,0,6145,22.19610943908488,18.95175017548081,45.764854416656995,86.107774604244,163.20392594833902,10.296606921195025,58326.00099999678,0.4071693612509939,0.25153333333333333,0.972100016666613,14,True
resnet_load_sweep,fcfs_batch,0.25,3,14845,0,5394,44.43335156985369,20.92803926808847,208.0545258099682,303.17950994581844,342.75853303234544,21.509310209126593,58393.35799999664,0.3633546648703267,0.24741666666666667,0.9732226333332773,28,True
resnet_load_sweep,fcfs_batch,0.3,1,18039,0,1263,167.2739119891681,172.1597518090639,318.64645600972574,339.7340312778045,409.5948873324014,89.20759345709882,60051.488999999965,0.07001496757026443,0.30065,1.0008581499999993,56,False
resnet_load_sweep,fcfs_batch,0.3,2,17989,0,1212,176.73864529763438,183.41950643480232,320.82514739337273,343.78384194975484,407.42452275929827,94.95479677909543,59938.341999999604,0.06737450664294847,0.2998166666666667,0.9989723666666601,58,True
resnet_load_sweep,fcfs_batch,0.3,3,17720,0,1352,165.40365287899633,172.9425883036124,313.39646131369955,332.4142903997171,388.36740188564727,86.72192042978655,60047.44699999925,0.0762979683972912,0.29533333333333334,1.000790783333321,56,True
resnet_load_sweep,longest_queue,0.05,1,3015,0,2935,7.542904592606182,7.449000000000524,13.875563096960832,19.416054338255428,26.787,1.1198405793395578,18544.86599999897,0.9734660033167496,0.05025,0.3090810999999828,4,True
resnet_load_sweep,longest_queue,0.05,2,3086,0,3005,7.650582297014924,7.449000000000524,13.627714286854825,19.50668738473578,28.25912147726558,1.2304089334377923,19053.041999999085,0.9737524303305249,0.05143333333333333,0.31755069999998475,4,True
resnet_load_sweep,longest_queue,0.05,3,3051,0,2963,7.677195044259645,7.449000000000524,13.863980182115483,19.393001367576744,33.67886440931761,1.2486640708086538,18789.51999999903,0.9711569977056703,0.05085,0.3131586666666505,4,True
resnet_load_sweep,longest_queue,0.1,1,6048,0,5330,9.785323920984208,7.462503310351167,19.969809705385387,26.587778651097707,42.14036272516387,2.737864595587865,35417.987999997844,0.8812830687830688,0.1008,0.5902997999999641,4,True
resnet_load_sweep,longest_queue,0.1,2,6092,0,5374,9.803378532568637,7.496645733383005,19.958501731390424,25.350740798410307,46.95196261505771,2.7813141858849,35724.66499999794,0.8821405121470781,0.10153333333333334,0.5954110833332991,4,True
resnet_load_sweep,longest_queue,0.1,3,6026,0,5340,9.650695119296904,7.449000000000524,19.732484841400947,25.130937135113527,41.64524610618537,2.6862470608838183,35263.61799999785,0.8861599734483903,0.10043333333333333,0.5877269666666308,4,True
resnet_load_sweep,longest_queue,0.15,1,9049,0,6656,12.668681620545993,10.71212712409033,25.454795590294818,34.96031215708688,60.088560737909575,4.683064425276388,47914.05399999667,0.7355508896010609,0.15081666666666665,0.7985675666666112,6,True
resnet_load_sweep,longest_queue,0.15,2,9124,0,6680,12.700698116825789,10.938804642784817,25.10568652575694,32.923052849342135,57.57252108416287,4.738593009417368,48171.91199999659,0.7321350284962735,0.15206666666666666,0.8028651999999432,5,True
resnet_load_sweep,longest_queue,0.15,3,8948,0,6639,12.45041057825431,10.589157790467652,24.86427917874898,32.70060263599605,63.169454685454184,4.545085812944215,47544.7759999967,0.741953509164059,0.14913333333333334,0.7924129333332783,4,True
resnet_load_sweep,longest_queue,0.2,1,12084,0,6848,16.13797978607746,14.564629803244316,32.11720841232822,45.91277514358339,144.53049581480082,6.832702808256228,55141.54299999572,0.5666997682886461,0.2014,0.9190257166665953,7,True
resnet_load_sweep,longest_queue,0.2,2,12222,0,6813,16.124178144292223,14.70751251259935,32.13316425400831,44.14996364889832,99.45447874835372,6.826088469935194,55376.82099999572,0.5574374079528719,0.2037,0.9229470166665953,6,True
resnet_load_sweep,longest_queue,0.2,3,11865,0,6833,15.59224599599851,14.284923122297187,30.85999958638585,41.53697421624474,70.78476821217737,6.511778823643539,54706.89799999574,0.5758954909397387,0.19775,0.9117816333332623,6,True
resnet_load_sweep,longest_queue,0.25,1,15076,0,6218,21.524123458192463,17.856765571266806,45.77717396168373,87.24164615351037,262.8454478082931,9.903238541769543,58479.48299999597,0.41244361899708143,0.2512666666666667,0.9746580499999328,19,True
resnet_load_sweep,longest_queue,0.25,2,15092,0,6185,21.478912248249475,17.820046291650215,47.24427664118989,84.5503734874241,177.28330155917502,9.863259915888502,58388.097999995945,0.40981977206467,0.25153333333333333,0.973134966666599,13,True
resnet_load_sweep,longest_queue,0.25,3,14845,0,6268,20.59381424809573,17.5279987558024,44.283264329488155,69.87979493162722,155.07255707639706,9.429136713572868,58315.8019999959,0.4222297069720445,0.24741666666666667,0.971930033333265,10,True
resnet_load_sweep,longest_queue,0.3,1,18025,0,1327,174.33410905095545,182.0275950589712,321.4570797099004,355.2361447119844,481.3815686523758,97.1492255558099,59985.79999999992,0.07361997226074896,0.30041666666666667,0.999763333333332,54,True
resnet_load_sweep,longest_queue,0.3,2,18010,0,1709,162.0388603004505,172.03952413718434,319.6473951619636,354.4104741763873,425.3443346926215,89.27939317107803,59957.39999999912,0.0948917268184342,0.3001666666666667,0.9992899999999854,59,True
resnet_load_sweep,longest_queue,0.3,3,17697,0,1755,157.668883259669,168.6892535703373,315.1549432385582,340.4742537559767,407.2878131615289,85.87105950423027,59897.63099999987,0.09916935073741312,0.29495,0.9982938499999978,51,True
resnet_load_sweep,timeout_batch,0.05,1,3014,0,2170,21.333516728899024,21.300999999999476,28.037000000000262,31.202749582668833,34.338,13.399072800565241,15868.289999998848,0.7199734571997346,0.05023333333333333,0.2644714999999808,4,True
resnet_load_sweep,timeout_batch,0.05,2,3085,0,2194,21.417301204979253,21.301000000000386,28.037000000000262,31.98561621557539,42.254000000000815,13.324160848415826,16331.409999998938,0.7111831442463533,0.051416666666666666,0.27219016666664897,5,True
resnet_load_sweep,timeout_batch,0.05,3,3050,0,2159,21.41428343440355,21.30099999999993,28.037000000000262,32.21104033066563,44.58431906488113,13.34551851637139,16007.8539999989,0.7078688524590164,0.050833333333333335,0.26679756666664833,5,True
resnet_load_sweep,timeout_batch,0.1,1,6048,0,3342,21.673406148613136,21.47805437874922,30.22157984935356,34.22140340500521,49.48211203431856,12.70172129411652,27388.699999997854,0.5525793650793651,0.1008,0.45647833333329757,4,True
resnet_load_sweep,timeout_batch,0.1,2,6092,0,3350,21.57590997954336,21.301000000000386,30.15570571256903,35.038511084618115,59.54136000692233,12.597121240213767,27636.623999998024,0.5499015101772817,0.10153333333333334,0.46061039999996706,5,True
resnet_load_sweep,timeout_batch,0.1,3,6025,0,3319,21.511336524969877,21.30099999999993,29.95736306233448,34.01978547624895,47.18028464575036,12.627555114182183,27078.560999998055,0.5508713692946058,0.10041666666666667,0.4513093499999676,5,True
resnet_load_sweep,timeout_batch,0.15,1,9048,0,4004,22.30498953309762,21.919568929544766,32.96945501950904,42.254000000000815,60.237958947283914,12.388499148482913,36110.123999997275,0.4425287356321839,0.1508,0.6018353999999546,7,True
resnet_load_sweep,timeout_batch,0.15,2,9124,0,4041,22.381881345209113,21.939966294860824,33.47298751968665,42.88801802621641,60.005892024397326,12.416239192645126,36616.71699999732,0.44289785181937746,0.15206666666666666,0.610278616666622,7,True
resnet_load_sweep,timeout_batch,0.15,3,8947,0,3983,22.174282468986682,21.84248310659723,33.07258764657273,42.254000000000815,59.03636332944734,12.362469235501267,35725.15899999743,0.44517715435341454,0.14911666666666668,0.5954193166666238,5,True
resnet_load_sweep,timeout_batch,0.2,1,12086,0,4291,24.66514081273664,22.78469471682274,42.723726483698556,65.3068948204747,160.75718512864387,12.982781388610048,43741.009999997324,0.3550388879695515,0.20143333333333333,0.7290168333332887,10,True
resnet_load_sweep,timeout_batch,0.2,2,12220,0,4307,24.1915995964041,22.737362764634554,42.25400000000002,52.075167628866005,99.06075225485256,12.666317599677917,43931.7809999974,0.35245499181669393,0.20366666666666666,0.7321963499999566,8,True
resnet_load_sweep,timeout_batch,0.2,3,11864,0,4303,23.8377480998752,22.449000000000524,41.01862768546698,50.84381408179746,111.33845261206079,12.56158938443409,43134.49999999715,0.36269386378961566,0.19773333333333334,0.7189083333332857,7,True
resnet_load_sweep,timeout_batch,0.25,1,15067,0,4146,32.610651593387196,26.403768789441756,73.72664101497857,195.9231507298657,352.44909745604673,16.495485203263318,50283.67199999799,0.2751709032985996,0.25111666666666665,0.8380611999999665,29,True
resnet_load_sweep,timeout_batch,0.25,2,15090,0,3419,62.38009342301058,29.46891072676226,239.4337841912965,312.2017209871958,332.56037184176967,31.502103032023435,52172.66499999816,0.2265738899933731,0.2515,0.869544416666636,32,True
resnet_load_sweep,timeout_batch,0.25,3,14843,0,4218,28.727804579145978,25.578856184172764,57.27800720528357,101.06237724953256,159.2021117139011,14.550786927728035,49623.43599999791,0.2841743582833659,0.24738333333333334,0.8270572666666319,16,True
resnet_load_sweep,timeout_batch,0.3,1,18057,0,1029,171.5928882422852,176.96175714023957,318.18940569351184,340.6461132182556,410.3389848129664,90.3067295226752,59629.351999999875,0.056986210333942515,0.30095,0.9938225333333313,51,True
resnet_load_sweep,timeout_batch,0.3,2,18001,0,826,185.28368303154724,188.1563930477805,320.9030945911518,342.68693133642955,412.65139136194193,98.5735834815223,59736.45599999985,0.04588633964779734,0.30001666666666665,0.9956075999999976,59,True
resnet_load_sweep,timeout_batch,0.3,3,17687,0,1427,147.96123071221962,150.9755284380699,309.4209095857263,331.3269907700868,374.90541173893143,76.7348109689053,58784.98999999963,0.08068072595691751,0.29478333333333334,0.9797498333333271,45,True
